Method,quantity,LB_days,FH_hours,N_params,n_hidden,seed,RMSE,nRMSE,nMBE,nMAE,R2,NICE1,NICE2,NICE3,NICE_Sigma
AR_OLS,humidity,1.0,1.0,149,,,4.74870806840171,0.06674445044164112,0.0003635721439326035,0.04645184813628685,0.8667264256836533,0.9550408484838268,0.9372457058973687,0.938281196348648,0.9435225835766144
ELM_corr,humidity,1.0,1.0,750,5.0,0.0,9.135802503222877,0.12840631781060627,-0.006288032680545493,0.1006066183830183,0.5067279512070406,2.0684522583838545,1.8031202471778776,1.5997849742198398,1.8237858265938574
ELM_corr,humidity,1.0,1.0,750,5.0,1.0,8.788596586913156,0.12352623932602204,-0.0058877787959350225,0.0964632008502866,0.5435090605580787,1.9832644100021741,1.7345927130704855,1.549262765510769,1.7557066295278094
ELM_corr,humidity,1.0,1.0,750,5.0,2.0,9.568363928426592,0.13448609239173615,-0.010712545626994786,0.104539774571205,0.45891129006542575,2.1493171749349553,1.8884942757492909,1.6845075748852631,1.9074396751898364
ELM_corr,humidity,1.0,1.0,750,5.0,3.0,9.84275336735605,0.1383427144549452,-0.007706454462455022,0.1083696339702301,0.42743300764380243,2.228058329846323,1.9426501260723406,1.7217231320018949,1.9641438626401861
ELM_corr,humidity,1.0,1.0,750,5.0,4.0,9.532884948612377,0.13398742518039777,0.0023523789048198354,0.10323667622404822,0.4629165064906028,2.1225257295768465,1.8814918403497012,1.6865676507686906,1.8968617402317463
ELM_corr,humidity,1.0,1.0,1500,10.0,0.0,7.748214896688229,0.1089033770309768,-0.0062806331023743224,0.08359445205437643,0.6451895382662505,1.7186854693987208,1.5292540698833186,1.3868845814698518,1.5449413735839637
ELM_corr,humidity,1.0,1.0,1500,10.0,1.0,8.21541400125893,0.1154699941049747,-0.007514708668802374,0.0889993065250768,0.6011110463815514,1.829808212771271,1.6214644875907527,1.4607555344689376,1.6373427449436537
ELM_corr,humidity,1.0,1.0,1500,10.0,2.0,8.711839273791924,0.12244739333088847,-0.006541652060112456,0.09502083799106197,0.55144798614265,1.9536097137056152,1.719443232183717,1.5363575465720485,1.7364701641537936
ELM_corr,humidity,1.0,1.0,1500,10.0,3.0,8.774613206193468,0.12332969890955336,-0.006198021846205987,0.09613728213424307,0.544960534265166,1.9765635853935655,1.7318328332579815,1.5460789678935363,1.7514917955150278
ELM_corr,humidity,1.0,1.0,1500,10.0,4.0,8.717893001798389,0.12253248020990791,-0.007236442702103065,0.09402169499300696,0.5508243852581486,1.9330675304577172,1.7206380478045138,1.5487472350509688,1.7341509377710667
ELM_corr,humidity,1.0,1.0,3750,25.0,0.0,7.403854317637468,0.10406329057557921,-0.007126113850379259,0.07985258121589275,0.6760269895846878,1.6417533419617776,1.4612881159129607,1.3239911744261996,1.4756775441003125
ELM_corr,humidity,1.0,1.0,3750,25.0,1.0,7.465805448967652,0.10493403144979403,-0.007156654560281533,0.08000055724420795,0.6705826729510711,1.644795699958445,1.47351532191896,1.338801733329527,1.485704251735644
ELM_corr,humidity,1.0,1.0,3750,25.0,2.0,7.245133394875325,0.10183242259827797,-0.007269160117324542,0.07766774486836357,0.6897685134476954,1.5968335369839306,1.4299615948566864,1.298597456790744,1.441797529543787
ELM_corr,humidity,1.0,1.0,3750,25.0,3.0,7.581980043334984,0.10656689860958513,-0.004756056139314654,0.08175919813882919,0.660250852306599,1.6809530103683485,1.4964445351147921,1.3534460926381773,1.510281212707106
ELM_corr,humidity,1.0,1.0,3750,25.0,4.0,7.565798084882348,0.10633945655409693,-0.007060882152303539,0.0811534112376871,0.6616995344902573,1.6684981509972059,1.4932507251660059,1.3601751043560404,1.5073079935064173
ELM_corr,humidity,1.0,1.0,7500,50.0,0.0,6.903366604175746,0.09702879258020353,-0.006618603409152872,0.07396338109800893,0.7183466140902062,1.5206725474802945,1.3625075731759397,1.2438570267422602,1.3756790491328317
ELM_corr,humidity,1.0,1.0,7500,50.0,1.0,6.717145976268633,0.09441140837980122,-0.007387895216351061,0.07149404135913923,0.733337052704945,1.4699034088125327,1.3257534747261277,1.217560101259775,1.3377389949328116
ELM_corr,humidity,1.0,1.0,7500,50.0,2.0,6.744454088227132,0.09479523170585426,-0.005912142148971006,0.07213340704653727,0.7311644442741508,1.4830486414153896,1.3311432376470314,1.2179653541625932,1.3440524110750047
ELM_corr,humidity,1.0,1.0,7500,50.0,3.0,7.142493623439409,0.10038979124691516,-0.006970839963378915,0.07652006566730667,0.6984961760539029,1.5732374786581391,1.4097037302655329,1.2867460720433685,1.4232290936556804
ELM_corr,humidity,1.0,1.0,7500,50.0,4.0,6.903938874305606,0.09703683600059734,-0.005841256443141513,0.07354690336334574,0.7182999155705599,1.5121098472854524,1.362620521311327,1.249166210204444,1.374632192933741
ELM_corr,humidity,1.0,1.0,15000,100.0,0.0,6.208225830990849,0.08725839014284767,-0.005265515083501075,0.06548880639947592,0.7722134300781984,1.346436960838391,1.225308635006425,1.1338179309177527,1.2351878422541895
ELM_corr,humidity,1.0,1.0,15000,100.0,1.0,6.47008221427887,0.090938856523481,-0.005668497466117758,0.06824259071645436,0.7525925914114082,1.4030542240076058,1.2769908540991468,1.1833996513432332,1.287814909816662
ELM_corr,humidity,1.0,1.0,15000,100.0,2.0,6.396972724177885,0.08991128172448914,-0.006510476717186516,0.06753861049566885,0.7581522229789786,1.3885805293248399,1.2625613388140438,1.1654227586750485,1.2721882089379772
ELM_corr,humidity,1.0,1.0,15000,100.0,3.0,6.408435392105519,0.09007239280152414,-0.0072257916403618535,0.06809154494846652,0.7572847174781021,1.3999487527678873,1.264823709155314,1.1668083956355133,1.277193619186238
ELM_corr,humidity,1.0,1.0,15000,100.0,4.0,6.35719518957489,0.08935219709583692,-0.006311375143555969,0.06699918927117193,0.761150578277639,1.377490135194078,1.2547105038162234,1.161739484736382,1.2646467079155612
ELM_corr,humidity,1.0,1.0,37500,250.0,0.0,5.965379514293023,0.0838451156866589,-0.0060216934667671985,0.06239325741959522,0.7896854791623467,1.2827930835141848,1.1773784055125247,1.0971464377969267,1.1857726422745454
ELM_corr,humidity,1.0,1.0,37500,250.0,1.0,5.981193123508756,0.08406738048824275,-0.004231542261201595,0.06249488894353995,0.7885689567831017,1.2848826076290512,1.1804995149003195,1.1004755155746617,1.188619212701344
ELM_corr,humidity,1.0,1.0,37500,250.0,2.0,6.011103089084808,0.08448777361124513,-0.005334892550217882,0.06287682863941951,0.7864490763692623,1.2927352125491451,1.1864028019408994,1.1052845184709275,1.1948075109869907
ELM_corr,humidity,1.0,1.0,37500,250.0,3.0,6.015547135549305,0.08455023595568438,-0.0055261607953413765,0.06304828783154807,0.7861332005557551,1.2962603797685504,1.1872799170226567,1.1040932124451681,1.195877836412125
ELM_corr,humidity,1.0,1.0,37500,250.0,4.0,6.051524437425176,0.08505590722616242,-0.0037544822749907554,0.06336035532222353,0.7835673959471794,1.3026764259117407,1.19438070553339,1.1117112249042551,1.2029227854497953
ELM_corr,humidity,1.0,1.0,75000,500.0,0.0,5.847145791968756,0.0821833068943448,-0.004746717816465258,0.060967420146607484,0.7979397215232176,1.2534781500157621,1.1540427851828507,1.0779963369931935,1.161839090730602
ELM_corr,humidity,1.0,1.0,75000,500.0,1.0,5.849342904146099,0.08221418793456103,-0.0050659212368555,0.060917385950848085,0.7977878414357619,1.2524494568057296,1.154476426064524,1.080841060575455,1.1625889811485697
ELM_corr,humidity,1.0,1.0,75000,500.0,2.0,5.789178886802315,0.08136856545869386,-0.0047646721104106825,0.06015505159544206,0.8019261965391359,1.2367760126086491,1.142601940184836,1.0714953783865377,1.1502911103933409
ELM_corr,humidity,1.0,1.0,75000,500.0,3.0,5.86376833739416,0.08241694152578115,-0.005361325196079545,0.06124427426430565,0.7967892352882033,1.2591702161461977,1.1573235531510295,1.0818800480536759,1.1661246057836345
ELM_corr,humidity,1.0,1.0,75000,500.0,4.0,5.8977497412345,0.08289455987837074,-0.005891420655969796,0.06139943406286885,0.7944271379026955,1.2623602710442423,1.1640304141268911,1.088066731053245,1.1714858054081263
ELM_corr,humidity,1.0,1.0,150000,1000.0,0.0,5.746099125788961,0.08076306709312234,-0.0031960015906283314,0.05953050567157543,0.804863132339944,1.2239354714250843,1.1340993494929552,1.0653034810275293,1.1411127673151895
ELM_corr,humidity,1.0,1.0,150000,1000.0,1.0,5.742609037465515,0.08071401290326989,-0.0038534727300899834,0.05945978873270354,0.8051001063497972,1.2224815450903508,1.1334105157623418,1.0664583701410901,1.1407834769979275
ELM_corr,humidity,1.0,1.0,150000,1000.0,2.0,5.762960794899734,0.08100006267636654,-0.003499079469500414,0.059836584507176986,0.8037162113108781,1.2302283919994865,1.1374273129602175,1.068224659335332,1.145293454765012
ELM_corr,humidity,1.0,1.0,150000,1000.0,3.0,5.768261220936267,0.08107456168068922,-0.0037508937351857985,0.0599750957705983,0.8033549851341619,1.2330761562941244,1.138473450450796,1.0646354459013139,1.1453950175487446
ELM_corr,humidity,1.0,1.0,150000,1000.0,4.0,5.69203428112286,0.08000317023412966,-0.0032997712795844922,0.05869262599496344,0.8085179289977077,1.2067088303034845,1.1234286485836937,1.058378012100068,1.1295051636624154
ELM_elastic_net,humidity,1.0,1.0,750,5.0,0.0,9.128575310926605,0.12830473755528157,-0.005880037187818421,0.10055774069083726,0.5075080823126796,2.0674473426596065,1.8016938265919402,1.5987446134780525,1.8226285942431997
ELM_elastic_net,humidity,1.0,1.0,750,5.0,1.0,8.774932393304471,0.12333418517571357,-0.005699569875760546,0.09629182536410001,0.5449274284471118,1.9797409637604493,1.7318958307606405,1.5480765340044325,1.753237776175174
ELM_elastic_net,humidity,1.0,1.0,750,5.0,2.0,9.54547485579205,0.13416437992760785,-0.010528022005294548,0.10431858723604015,0.4614969369728522,2.1447696068892244,1.8839766922866545,1.6809224012881618,1.90322290015468
ELM_elastic_net,humidity,1.0,1.0,750,5.0,3.0,9.83495305958335,0.13823307889763883,-0.007252743060370063,0.10823855765071971,0.428340158088365,2.2253634265341002,1.9411105905061754,1.7211831425778625,1.9625523865393795
ELM_elastic_net,humidity,1.0,1.0,750,5.0,4.0,9.409036632738442,0.13224670166948488,0.004076579391142627,0.10191187820571324,0.4767811032049649,2.0952881432533013,1.8570480757376275,1.6673379819033434,1.8732247336314238
ELM_elastic_net,humidity,1.0,1.0,1500,10.0,0.0,7.7385914947804775,0.10876811736404005,-0.0060237341553413485,0.08349000462892311,0.6460703510209957,1.7165380509034602,1.527354712840467,1.3856988355189839,1.5431971997543037
ELM_elastic_net,humidity,1.0,1.0,1500,10.0,1.0,8.20573922848486,0.11533401240581534,-0.007354754365043012,0.08884266175122037,0.6020499857079442,1.8265876270736796,1.6195549915536378,1.4601531967796557,1.635431938468991
ELM_elastic_net,humidity,1.0,1.0,1500,10.0,2.0,8.69965537909529,0.1222761452052821,-0.0063589213645951275,0.09490520447998053,0.5527017486906292,1.9512323114930625,1.7170385143486682,1.5344579250002934,1.7342429169473412
ELM_elastic_net,humidity,1.0,1.0,1500,10.0,3.0,8.765713074857675,0.12320460501742328,-0.005924727552123659,0.09598782438791813,0.5458831634434608,1.9734907635664583,1.7300762270913697,1.5452896614730056,1.7496188840436113
ELM_elastic_net,humidity,1.0,1.0,1500,10.0,4.0,8.709637545072447,0.12241644740385182,-0.0073175539331428755,0.09399180110789963,0.5516746811089093,1.9324529180678376,1.719008680141739,1.5471821919976825,1.7328812634024195
ELM_elastic_net,humidity,1.0,1.0,3750,25.0,0.0,7.400846585668358,0.1040210160422825,-0.007223602438302845,0.079861108589923,0.6762901568525475,1.64192866309228,1.460694484164718,1.3228571137265221,1.4751600869945067
ELM_elastic_net,humidity,1.0,1.0,3750,25.0,1.0,7.450179951589481,0.10471441061390332,-0.00699104203846346,0.0798392033823887,0.671960132651893,1.6414782963398447,1.4704313398949544,1.3366718629597119,1.4828604997315036
ELM_elastic_net,humidity,1.0,1.0,3750,25.0,2.0,7.2394054767462555,0.10175191507029507,-0.007341426028583292,0.07759777334625545,0.690258850348108,1.5953949362710422,1.4288310838644598,1.2982659709469224,1.4408306636941415
ELM_elastic_net,humidity,1.0,1.0,3750,25.0,3.0,7.574221688876385,0.1064578527181107,-0.004729407982912439,0.08170882776509505,0.6609458015663159,1.6799174054053694,1.4949132798141058,1.3519265197830908,1.5089190683341887
ELM_elastic_net,humidity,1.0,1.0,3750,25.0,4.0,7.555777184196301,0.10619860992811228,-0.007195317132728581,0.08103840373558886,0.6625950990430631,1.6661336194060483,1.4912729143589534,1.3587401531793506,1.505382228981451
ELM_elastic_net,humidity,1.0,1.0,7500,50.0,0.0,6.890724387982507,0.09685110261484287,-0.006750271013109617,0.07388162251571036,0.7193772598036161,1.5189916071314806,1.3600123970839446,1.2414906236540875,1.3734982092898376
ELM_elastic_net,humidity,1.0,1.0,7500,50.0,1.0,6.693516793694074,0.0940792934587307,-0.007508690273442429,0.07119776106427743,0.7352098554688257,1.4638119443058102,1.3210898168253116,1.2145956740241886,1.3331658117184368
ELM_elastic_net,humidity,1.0,1.0,7500,50.0,2.0,6.7252556551513685,0.09452539223656597,-0.0060630058354707896,0.07189648391598542,0.732692774222685,1.4781775485158388,1.3273540704249085,1.215824005985204,1.340451874975317
ELM_elastic_net,humidity,1.0,1.0,7500,50.0,3.0,7.124810330183795,0.1001412475012598,-0.007020470057430497,0.07631813896227821,0.699987246508629,1.5690859053744215,1.4062136040183058,1.2839136234046649,1.4197377109324638
ELM_elastic_net,humidity,1.0,1.0,7500,50.0,4.0,6.826670271119765,0.09595080367733262,-0.0071334725068822975,0.0723644888399179,0.7245701816145117,1.4877996375732152,1.347370127837257,1.2364570488177153,1.3572089380760624
ELM_elastic_net,humidity,1.0,1.0,15000,100.0,0.0,6.180357489849454,0.08686669263535515,-0.005679571618740897,0.06516814248486312,0.7742538796511118,1.3398441739122082,1.2198083004545799,1.1294972992984484,1.2297165912217456
ELM_elastic_net,humidity,1.0,1.0,15000,100.0,1.0,6.429987060851137,0.09037530767138068,-0.005855027694279353,0.06783568615992164,0.7556494617940674,1.3946883464695845,1.26907733112908,1.176527665683821,1.2800977810941618
ELM_elastic_net,humidity,1.0,1.0,15000,100.0,2.0,6.363641923310954,0.0894428077828194,-0.006681164442716442,0.06715032667142468,0.7606659056124299,1.3805974903751148,1.255982886414639,1.16081873739832,1.2657997047293579
ELM_elastic_net,humidity,1.0,1.0,15000,100.0,3.0,6.381343481058336,0.08969160824113176,-0.007296384574238736,0.06778378872536193,0.7593325563327841,1.3936213454368027,1.2594766174984307,1.162239904453268,1.2717792891295006
ELM_elastic_net,humidity,1.0,1.0,15000,100.0,4.0,6.3294504773933395,0.08896223722874355,-0.00653092509335463,0.06666658196438964,0.7632308503380155,1.3706517944772714,1.2492345697350051,1.1579610392330044,1.2592824678150938
ELM_elastic_net,humidity,1.0,1.0,37500,250.0,0.0,5.9193584778806665,0.08319827685389583,-0.006221272887193126,0.061842614315953344,0.7929179834433944,1.271471969758474,1.1682952995104021,1.0899906688308139,1.1765859793665634
ELM_elastic_net,humidity,1.0,1.0,37500,250.0,1.0,5.915633468788052,0.08314592078542511,-0.004559398506451663,0.06171702913327556,0.7931785318405953,1.2688899631379904,1.167560099804252,1.090194616943452,1.1755482266285648
ELM_elastic_net,humidity,1.0,1.0,37500,250.0,2.0,5.959079571601848,0.08375656818980722,-0.0054294803340002255,0.0622726808712099,0.7901294642552068,1.280314053428249,1.1761349948522668,1.0968614897631668,1.1844368460145607
ELM_elastic_net,humidity,1.0,1.0,37500,250.0,3.0,5.959643079118855,0.08376448844917053,-0.005724222293093764,0.06240089777994202,0.7900897704686943,1.2829501678180626,1.1762462135233134,1.0954996748088404,1.1848986853834054
ELM_elastic_net,humidity,1.0,1.0,37500,250.0,4.0,5.957367287486908,0.08373250154671073,-0.006339267654277054,0.06207215012135009,0.790250055481152,1.2761911807078503,1.1757970437904437,1.0980613807880064,1.1833498684287667
ELM_elastic_net,humidity,1.0,1.0,75000,500.0,0.0,5.74884413162384,0.08080164893544009,-0.005079943202140508,0.059856879395648,0.804676647640173,1.230645650909151,1.1346411273606078,1.0625078428046453,1.1425982070248015
ELM_elastic_net,humidity,1.0,1.0,75000,500.0,1.0,5.745035048152811,0.08074811117752823,-0.005123387053042667,0.05967780026523761,0.8049353975572993,1.2269638192595016,1.1338893340148806,1.0644111119388162,1.141754755071066
ELM_elastic_net,humidity,1.0,1.0,75000,500.0,2.0,5.695812395620886,0.08005627271426617,-0.004835331263869055,0.059035216764447535,0.8082636503877879,1.213752429047088,1.1241743296276026,1.0569930585376326,1.1316399390707745
ELM_elastic_net,humidity,1.0,1.0,75000,500.0,3.0,5.761203703269262,0.08097536625082044,-0.005490630419092695,0.05998680185434418,0.8038358845265597,1.2333168310702989,1.1370805183032693,1.06665069621058,1.1456826818613826
ELM_elastic_net,humidity,1.0,1.0,75000,500.0,4.0,5.801834008247271,0.08154643681105941,-0.00597153410697712,0.06025325319045397,0.8010592729742836,1.2387950180602187,1.1450996633678672,1.0741176108686026,1.1526707640988962
ELM_elastic_net,humidity,1.0,1.0,150000,1000.0,0.0,5.5758135714023656,0.07836965490985691,-0.003620230676909654,0.05748170769428525,0.8162575126626186,1.1818125885451098,1.1004903336666978,1.038942375903416,1.107081766038408
ELM_elastic_net,humidity,1.0,1.0,150000,1000.0,1.0,5.5619093109188675,0.0781742265509431,-0.004116562278367458,0.05731420956389997,0.8171727577474585,1.1783688599749726,1.0977460697018206,1.0373104875638133,1.1044751390802021
ELM_elastic_net,humidity,1.0,1.0,150000,1000.0,2.0,5.58448581541024,0.07849154578039766,-0.003929913793775995,0.057742474651777016,0.8156855068578361,1.1871739058302437,1.102201962037993,1.0393819703021296,1.1095859460567887
ELM_elastic_net,humidity,1.0,1.0,150000,1000.0,3.0,5.6027978908221865,0.07874892723914621,-0.003978323718199279,0.057852332752967923,0.8144747545043025,1.1894325667529773,1.1058161901182828,1.0423419735618227,1.1125302434776942
ELM_elastic_net,humidity,1.0,1.0,150000,1000.0,4.0,5.5231685639030825,0.0776297142684398,-0.0035357234957322345,0.056640906198373905,0.8197108058050662,1.1645258753941996,1.0900998639842259,1.032309526179477,1.0956450885193008
ELM_huber,humidity,1.0,1.0,750,5.0,0.0,9.096499882152775,0.1278539082275251,-0.001494520301948016,0.09994108871610137,0.5109629776975839,2.0547690995153705,1.7953631451834267,1.5975745623204596,1.815902269006419
ELM_huber,humidity,1.0,1.0,750,5.0,1.0,8.745591908556245,0.12292179626866694,-0.0004231058973976016,0.09556043267170146,0.5479655663650556,1.9647036740605044,1.7261049413349028,1.550159726415795,1.7469894472704006
ELM_huber,humidity,1.0,1.0,750,5.0,2.0,9.538454917966169,0.13406571269315717,-0.006860774790163181,0.10400523781785086,0.4622886981034354,2.1383272045688386,1.8825911772185138,1.6819125218808906,1.900943634556081
ELM_huber,humidity,1.0,1.0,750,5.0,3.0,9.811973614482474,0.1379100962226419,-0.002530478198195198,0.10776745189594526,0.43100841266830303,2.215677585005355,1.9365751703593754,1.7205807156935053,1.957611157019412
ELM_huber,humidity,1.0,1.0,750,5.0,4.0,9.410136920472057,0.1322621665283581,0.009657379104580857,0.10153007027911762,0.4766587261716658,2.0874382474837314,1.8572652379507448,1.6728265201141899,1.8725100018495553
ELM_huber,humidity,1.0,1.0,1500,10.0,0.0,7.711850037213182,0.10839225852756743,-0.0020381022598082274,0.08287845259809626,0.6485122015260624,1.7039646616015038,1.52207678968466,1.3851766674764778,1.5370727062542138
ELM_huber,humidity,1.0,1.0,1500,10.0,1.0,8.17924175789207,0.11496158287607072,-0.002776749948723124,0.08808491583518356,0.604615907779948,1.8110085202862873,1.6143252237573213,1.4624054245516478,1.6292463895317522
ELM_huber,humidity,1.0,1.0,1500,10.0,2.0,8.676006911045908,0.12194375922134565,-0.00285906829729798,0.09445208741842462,0.555130245188035,1.9419163139538211,1.7123710501013252,1.5334383698964478,1.729241911317198
ELM_huber,humidity,1.0,1.0,1500,10.0,3.0,8.7396235642103,0.1228379094814232,-0.0021199906496633726,0.09553250066450295,0.5485823288683802,1.9641293974940164,1.7249269777648162,1.543489368407772,1.7441819145555348
ELM_huber,humidity,1.0,1.0,1500,10.0,4.0,8.686393567400934,0.12208974664789547,-0.0031756388164708486,0.09351986984058137,0.5540644380256053,1.9227501041637853,1.7144210495805847,1.5463558910630628,1.7278423482691443
ELM_huber,humidity,1.0,1.0,3750,25.0,0.0,7.380490516773752,0.10373490567037666,-0.0033750699540145163,0.07927798753408284,0.67806843927474,1.6299398090362596,1.4566768360200846,1.3242682868016658,1.4702949772860032
ELM_huber,humidity,1.0,1.0,3750,25.0,1.0,7.417343066200526,0.10425287879557897,-0.002583555512072537,0.07910551829787457,0.67484545060906,1.6263938755095153,1.4639503708855874,1.336612047056425,1.4756520978171759
ELM_huber,humidity,1.0,1.0,3750,25.0,2.0,7.209964651665609,0.10133811585117028,-0.0032098995400609356,0.0769432911340863,0.6927730050354504,1.5819389108962556,1.4230203904111143,1.2983170067049703,1.434425436004113
ELM_huber,humidity,1.0,1.0,3750,25.0,3.0,7.559721986695021,0.10625405525578568,-0.0007613343814523927,0.08121768209682491,0.6622426950178282,1.6698195472022324,1.492051494374672,1.3536493679987012,1.5051734698585353
ELM_huber,humidity,1.0,1.0,3750,25.0,4.0,7.531422151630532,0.10585629297775959,-0.0027831661170834216,0.08047045634263944,0.6647667521067328,1.654456732870443,1.486465996485617,1.3586953889025684,1.4998727060862092
ELM_huber,humidity,1.0,1.0,7500,50.0,0.0,6.939845599550145,0.097541515296331,-0.002493472438396228,0.0739852375615182,0.7153621054008708,1.5211219120651762,1.3697073802134805,1.2537595420567127,1.3815296114451232
ELM_huber,humidity,1.0,1.0,7500,50.0,1.0,6.665829879281278,0.09369014595581233,-0.003833855883472909,0.07059631397118318,0.7373958691720239,1.4514463105333588,1.3156252902068801,1.213508826428083,1.3268601423894406
ELM_huber,humidity,1.0,1.0,7500,50.0,2.0,6.702787515437396,0.09420959610505944,-0.002642880515948443,0.07134207036406173,0.7344758629178401,1.4667789150860846,1.3229195658895496,1.2157436498258585,1.335147376933831
ELM_huber,humidity,1.0,1.0,7500,50.0,3.0,7.09988766406855,0.09979095229897705,-0.003112549535601911,0.07564650404011347,0.7020824714533184,1.5552772236605394,1.4012946531248074,1.2843769343407583,1.4136496037087019
ELM_huber,humidity,1.0,1.0,7500,50.0,4.0,6.79452982825361,0.0954990605579089,-0.0034297213137114897,0.07174032652240424,0.7271575622978734,1.4749669832607117,1.3410266146905154,1.2351036908466648,1.3503657629326307
ELM_huber,humidity,1.0,1.0,15000,100.0,0.0,6.165600155580197,0.08665927408032979,-0.002537069683135529,0.06473932004597145,0.7753306567227107,1.3310276690298526,1.2168956665391815,1.130152606799875,1.2260253141229696
ELM_huber,humidity,1.0,1.0,15000,100.0,1.0,6.420038661774789,0.09023548007626206,-0.002720942862574231,0.06739381062159555,0.7564049893304311,1.3856034724338075,1.2671138298608289,1.1787795298023847,1.277165610699007
ELM_huber,humidity,1.0,1.0,15000,100.0,2.0,6.348487230188775,0.0892298042354373,-0.0037420518740570617,0.06674967574801062,0.7618044724888728,1.3723601863022916,1.25299182635191,1.1611433121308214,1.2621651082616745
ELM_huber,humidity,1.0,1.0,15000,100.0,3.0,6.3627054265316465,0.08942964505266734,-0.003810834618002435,0.0672718466778771,0.7607363429874319,1.3830959177730855,1.2557980513874378,1.162640496139126,1.267178155099883
ELM_huber,humidity,1.0,1.0,15000,100.0,4.0,6.301175280547679,0.08856482124793175,-0.003045573872838336,0.06601383981865225,0.7653415362253672,1.3572315445255971,1.2436539346558904,1.1571941211670667,1.2526932001161846
ELM_huber,humidity,1.0,1.0,37500,250.0,0.0,5.901973180211835,0.08295392152146516,-0.002930507551022044,0.06137805297337519,0.7941326068192225,1.2619206800554914,1.1648639882250689,1.0900744465972307,1.1722863716259304
ELM_huber,humidity,1.0,1.0,37500,250.0,1.0,5.918708450741565,0.0831891405364919,-0.0021023639077276525,0.06156609388790837,0.7929634618648573,1.265786764221584,1.1681670045855375,1.092711420590518,1.1755550631325467
ELM_huber,humidity,1.0,1.0,37500,250.0,2.0,5.961895383219146,0.08379614522765344,-0.00282286534890009,0.06203497499386379,0.7899310794186993,1.2754268674087788,1.1766907475557211,1.1003971426834807,1.1841715858826602
ELM_huber,humidity,1.0,1.0,37500,250.0,3.0,5.963144477509051,0.08381370160524679,-0.0026117625254471664,0.062173056142290885,0.7898430458790329,1.2782657886238513,1.1769372795055926,1.1016973855473216,1.1856334845589218
ELM_huber,humidity,1.0,1.0,37500,250.0,4.0,5.99593612771185,0.08427459763008856,-0.0014358719312840868,0.06251346711932315,0.787525362172591,1.2852645712639792,1.1834093205110963,1.1049175889135934,1.1911971602295564
ELM_huber,humidity,1.0,1.0,75000,500.0,0.0,5.770738027380561,0.08110937390384412,-0.002768671100165856,0.05984903361252896,0.8031860759298799,1.230484343153536,1.138962294189096,1.068479362687966,1.1459753333435325
ELM_huber,humidity,1.0,1.0,75000,500.0,1.0,5.755543005970803,0.08089580353084273,-0.002470975084349196,0.05956629332649311,0.8042211790617786,1.2246712585614226,1.1359632745900439,1.0686936902663935,1.1431094078059532
ELM_huber,humidity,1.0,1.0,75000,500.0,2.0,5.720622760000201,0.08040498948352244,-0.0025703659251551676,0.05910483896761684,0.8065896453569528,1.2151838478313965,1.1290711156884246,1.063200460671577,1.135818474730466
ELM_huber,humidity,1.0,1.0,75000,500.0,3.0,5.774845551981717,0.08116710633721984,-0.0030840195580395854,0.05989572591852089,0.8029057978299089,1.231444327768171,1.1397729904329688,1.0713295167774692,1.1475156116595364
ELM_huber,humidity,1.0,1.0,75000,500.0,4.0,5.80512550613734,0.08159269975555675,-0.0036975022070433014,0.06012605274136311,0.8008334827408319,1.2361798018804266,1.1457493015892533,1.0757875557500278,1.1525722197399026
ELM_huber,humidity,1.0,1.0,150000,1000.0,0.0,5.609213081041802,0.07883909457298086,-0.0015882511029215727,0.05774629974361587,0.8140496593500304,1.187252548965057,1.107082347018063,1.0451906429053406,1.1131751796294866
ELM_huber,humidity,1.0,1.0,150000,1000.0,1.0,5.615968144180348,0.07893403891792405,-0.0019982312315702778,0.05780794750002045,0.8136015171149578,1.188520014694537,1.1084155841487673,1.0481532795984752,1.1150296261472599
ELM_huber,humidity,1.0,1.0,150000,1000.0,2.0,5.6415913090039815,0.07929417982995628,-0.002170624778778699,0.05816969058623578,0.8118967301288448,1.195957381297877,1.1134727914684275,1.0503051622375539,1.1199117783346193
ELM_huber,humidity,1.0,1.0,150000,1000.0,3.0,5.636869154223381,0.0792278085935712,-0.0024185404973013592,0.058180125384520685,0.8122114927415238,1.1961719186953674,1.1125407865468888,1.0464457179121485,1.1183861410514684
ELM_huber,humidity,1.0,1.0,150000,1000.0,4.0,5.571654794109362,0.0783112021052346,-0.0015769401686685804,0.05696035257603262,0.8165315028532862,1.171093630000414,1.0996695217524874,1.042724280555455,1.1044958107694522
ELM_l3,humidity,1.0,1.0,750,5.0,0.0,9.270009544033707,0.13029263616399636,-0.01703831365244226,0.10275229723195303,0.4921289419026429,2.112566992903096,1.829608498485244,1.6130532414133387,1.8517429109338928
ELM_l3,humidity,1.0,1.0,750,5.0,1.0,8.938523766498275,0.12563350872720086,-0.018732849780739087,0.0990466947956358,0.527801394258316,2.0363805366712375,1.7641836256385748,1.5602735853737262,1.7869459158945127
ELM_l3,humidity,1.0,1.0,750,5.0,2.0,9.600917064797152,0.13494363603643023,-0.021100239103862897,0.10577058843174389,0.4552232828416355,2.1746224654854176,1.894919241621549,1.6822847941781016,1.917275500428356
ELM_l3,humidity,1.0,1.0,750,5.0,3.0,9.95331225232712,0.13989665121259437,-0.020024847639196833,0.11009220495749923,0.41449803136160224,2.2634740500654287,1.9644709747527298,1.7326320355712062,1.9868590201297882
ELM_l3,humidity,1.0,1.0,750,5.0,4.0,9.509050262734643,0.13365242185160947,-0.011475675877946167,0.1043012256282505,0.4655988452045624,2.1444126556526273,1.8767876225564526,1.6685896379620202,1.8965966387237
ELM_l3,humidity,1.0,1.0,1500,10.0,0.0,7.843736408877432,0.11024595921219071,-0.014786857255507086,0.08533754673492053,0.6363872667478685,1.7545231527091945,1.5481070138484097,1.3946994997547137,1.565776555437439
ELM_l3,humidity,1.0,1.0,1500,10.0,1.0,8.348466460043678,0.11734008447767812,-0.017889545502804225,0.09139433123179531,0.5880860355172995,1.8790494490151606,1.647724860698309,1.4699930865158095,1.6655891320764262
ELM_l3,humidity,1.0,1.0,1500,10.0,2.0,8.797237576023793,0.12364769090004052,-0.014929464683959035,0.09646392698173945,0.5426109712352791,1.9832793391218249,1.7362981727075053,1.5439348889906945,1.754504133606675
ELM_l3,humidity,1.0,1.0,1500,10.0,3.0,8.929343285803533,0.12550447444462665,-0.020740743529549226,0.09896535777659825,0.5287708572524268,2.034708263580039,1.7623716873207669,1.561605632043039,1.7862285276479481
ELM_l3,humidity,1.0,1.0,1500,10.0,4.0,8.811952557200273,0.12385451417023027,-0.01788792140511153,0.09583563234580153,0.5410795587073618,1.9703617251564238,1.7392024474536805,1.5557265965743854,1.7550969230614966
ELM_l3,humidity,1.0,1.0,3750,25.0,0.0,7.499885994602051,0.10541304326866224,-0.015273176730622237,0.0816817492344582,0.6675683038588384,1.6793606761488877,1.4802417503686311,1.330057195503447,1.496553207340322
ELM_l3,humidity,1.0,1.0,3750,25.0,1.0,7.601311423750821,0.10683860669177254,-0.016121874486195942,0.08222378714476904,0.6585161622132221,1.690504868824599,1.5002599419628928,1.3521436070635828,1.5143028059503585
ELM_l3,humidity,1.0,1.0,3750,25.0,2.0,7.369098610680575,0.10357478917116895,-0.01571436389287422,0.07964692927262995,0.6790614853991093,1.637525178513688,1.4544284318406695,1.3110424042222693,1.467665338192209
ELM_l3,humidity,1.0,1.0,3750,25.0,3.0,7.659432020923287,0.10765550831253734,-0.012875213960635408,0.08330776177277889,0.6532741399492578,1.7127911736758537,1.511731120931875,1.357771439401949,1.5274312446698926
ELM_l3,humidity,1.0,1.0,3750,25.0,4.0,7.518239086745996,0.10567100122931335,-0.015368372598522622,0.08117899947324966,0.6659393151872653,1.6690242400804902,1.4838640738625324,1.337897621049009,1.4969286449973438
ELM_l3,humidity,1.0,1.0,7500,50.0,0.0,6.976682786521349,0.09805927249782528,-0.012747353811056674,0.07526187469242233,0.7123323297560187,1.5473693200289553,1.3769778830131438,1.2503155433564035,1.391554248799501
ELM_l3,humidity,1.0,1.0,7500,50.0,1.0,6.822362658847754,0.09589025895450072,-0.01443158935138696,0.07318193778181516,0.7249176630356859,1.5046062268131362,1.3465199405765411,1.229216057829735,1.3601140750731373
ELM_l3,humidity,1.0,1.0,7500,50.0,2.0,6.824356379784264,0.09591828127263959,-0.011886279352420316,0.07351943355666032,0.7247568631551426,1.5115450734704783,1.3469134384204993,1.2254931730558873,1.3613172283156214
ELM_l3,humidity,1.0,1.0,7500,50.0,3.0,7.244247461119274,0.10181997054588318,-0.014504259636603133,0.07834891459042212,0.6898443789224009,1.6108382523056468,1.4297867393809214,1.2960350066536652,1.4455533327800778
ELM_l3,humidity,1.0,1.0,7500,50.0,4.0,6.9748409424626665,0.09803338485265418,-0.012597798109379372,0.07490139265413528,0.7124841982203834,1.5399578803226437,1.376614360890902,1.2535599920761316,1.3900440777632257
ELM_l3,humidity,1.0,1.0,15000,100.0,0.0,6.281659320107963,0.08829051884070288,-0.010820547037795709,0.06677242963292922,0.7667928506741499,1.3728280016945922,1.2398020975130053,1.1407164086241726,1.25111550261059
ELM_l3,humidity,1.0,1.0,15000,100.0,1.0,6.4263082249880785,0.0903236005808609,-0.011703841635954665,0.06879519016338478,0.7559289859548983,1.414415559796006,1.2683512445670746,1.16307761773477,1.2819481406992834
ELM_l3,humidity,1.0,1.0,15000,100.0,2.0,6.471175224066037,0.09095421908873474,-0.011678018218713428,0.06880595098049885,0.7525089938460733,1.414636800076411,1.2772065798744041,1.1725340255032313,1.2881258018180155
ELM_l3,humidity,1.0,1.0,15000,100.0,3.0,6.489887354466688,0.0912172234347998,-0.013143469153851114,0.06949374267178696,0.7510756283538884,1.4287776617812176,1.2808997662344797,1.1746621799952035,1.294779869336967
ELM_l3,humidity,1.0,1.0,15000,100.0,4.0,6.47485083293967,0.09100588082299495,-0.012378199797827016,0.068862158555745,0.7522277656441765,1.4157924167527767,1.2779320295301313,1.1748276050908317,1.2895173504579132
ELM_l3,humidity,1.0,1.0,37500,250.0,0.0,6.077085257965723,0.08541517187146003,-0.010916741379665149,0.06416752897243316,0.781735170487242,1.3192717571783952,1.1994256080512455,1.1091600391072896,1.2092858014456433
ELM_l3,humidity,1.0,1.0,37500,250.0,1.0,6.045348217660055,0.08496909869043187,-0.007868603979475574,0.06356458178959225,0.7840089551612249,1.3068752818562113,1.193161713889735,1.106809701425409,1.2022822323904518
ELM_l3,humidity,1.0,1.0,37500,250.0,2.0,6.099511842601996,0.08573038393446115,-0.009459116357942755,0.06431995520171194,0.780121249839312,1.322405610430358,1.203851910920473,1.1149833844208388,1.2137469685905566
ELM_l3,humidity,1.0,1.0,37500,250.0,3.0,6.077399850703137,0.08541959356238506,-0.009410497129221344,0.0640898505887348,0.7817125720524455,1.3176747049091617,1.1994876987689735,1.1102470317917417,1.209136478489959
ELM_l3,humidity,1.0,1.0,37500,250.0,4.0,6.164952802226401,0.08665017534374328,-0.008861141499335722,0.06525963317928694,0.7753778322819364,1.3417252045694716,1.2167678993354907,1.1217635668105246,1.226752223571829
ELM_l3,humidity,1.0,1.0,75000,500.0,0.0,5.920317179355027,0.08321175167738931,-0.007892037875078885,0.062296331732947206,0.7928508998523901,1.280800310487273,1.1684845170464433,1.0844506807938699,1.1779118361091954
ELM_l3,humidity,1.0,1.0,75000,500.0,1.0,5.967532548008311,0.08387537719148068,-0.009020415568511445,0.06271710559947555,0.789533637701701,1.2894513383070925,1.1778033466913125,1.0950163676844533,1.1874236842276196
ELM_l3,humidity,1.0,1.0,75000,500.0,2.0,5.889486687466244,0.08277842029371153,-0.007898954220191918,0.06167164404894838,0.7950027708922596,1.267956854743311,1.1623995470467627,1.083616507907102,1.1713243032323921
ELM_l3,humidity,1.0,1.0,75000,500.0,3.0,5.972622411779899,0.08394691668293058,-0.009025709307952602,0.06296447471646537,0.7891744601185401,1.294537198630357,1.178807925809424,1.0944062495568727,1.1892504579988847
ELM_l3,humidity,1.0,1.0,75000,500.0,4.0,6.037447558383249,0.0848580526640261,-0.008664285064634038,0.06336638739125125,0.7845731431939738,1.302800444062869,1.191602372091022,1.1075044143955228,1.2006357435164714
ELM_l3,humidity,1.0,1.0,150000,1000.0,0.0,5.885312847904335,0.08271975578459065,-0.006801367271107661,0.061724605012721735,0.7952932282452647,1.2690457217272517,1.161575762314125,1.0778708227127367,1.1694974355847043
ELM_l3,humidity,1.0,1.0,150000,1000.0,1.0,5.9375158003127835,0.08345348321524018,-0.0071369343905919825,0.06242869951166598,0.7916456084573238,1.2835217659464528,1.1718789842168456,1.087020725452477,1.180807158538592
ELM_l3,humidity,1.0,1.0,150000,1000.0,2.0,5.874636026616317,0.08256969000689542,-0.005473740193063538,0.06146839081696043,0.7960352907861471,1.2637780083265802,1.1594684933978874,1.081291379889682,1.1681792938713833
ELM_l3,humidity,1.0,1.0,150000,1000.0,3.0,5.8883747828195245,0.08276279215580123,-0.005717040948882341,0.06174216174850546,0.7950801684200937,1.2694066847569745,1.1621800920201546,1.078079688079218,1.1698888216187824
ELM_l3,humidity,1.0,1.0,150000,1000.0,4.0,5.828984161315322,0.08192803997971733,-0.005853921523490581,0.060814190899776764,0.7991929979219642,1.2503277868810942,1.1504582501689404,1.0732324277453154,1.1580061549317833
ELM_lp,humidity,1.0,1.0,750,5.0,0.0,9.115129563891776,0.1281157537340632,-0.004026133004609589,0.10028513116699067,0.5089578254993001,2.0618425445427406,1.7990400587693127,1.5982262838912262,1.8197029624010932
ELM_lp,humidity,1.0,1.0,750,5.0,1.0,8.760429992414792,0.12313034978227112,-0.0032063671572589094,0.09594801393369927,0.5464303895932703,1.9726722684688218,1.7290335126810141,1.5486287795670788,1.7501115202389717
ELM_lp,humidity,1.0,1.0,750,5.0,2.0,9.545083088885189,0.1341588735316528,-0.008751041217232214,0.10415972807182497,0.46154113872357483,2.1415034937620057,1.8838993698137043,1.6821433553330163,1.9025154063029088
ELM_lp,humidity,1.0,1.0,750,5.0,3.0,9.824412321512481,0.13808492580849216,-0.005427377937416162,0.10803675531162421,0.42956486908655256,2.221214410189469,1.9390301801394805,1.7206684292188368,1.9603043398492617
ELM_lp,humidity,1.0,1.0,750,5.0,4.0,9.409755582623843,0.13225680671580592,0.006697834387741291,0.10172210767950869,0.4767011412381479,2.091386498611911,1.8571899738461535,1.6699590937222304,1.872845188726765
ELM_lp,humidity,1.0,1.0,1500,10.0,0.0,7.72734494416524,0.10861004387765898,-0.004413672227760698,0.08322436382038323,0.6470983404887083,1.7110765282007354,1.525134997263418,1.3854553489579045,1.5405556248073526
ELM_lp,humidity,1.0,1.0,1500,10.0,1.0,8.193897961647185,0.11516758001278775,-0.005604585341002372,0.0885274600416993,0.6031976781193117,1.8201071420083417,1.6172178976880778,1.4606960662231694,1.6326737019731963
ELM_lp,humidity,1.0,1.0,1500,10.0,2.0,8.689799155296225,0.12213761316005578,-0.0049383634250588,0.09470459553600294,0.5537147024430276,1.9471078311170031,1.7150932055827943,1.5339839936691837,1.7320616767896604
ELM_lp,humidity,1.0,1.0,1500,10.0,3.0,8.755482525627565,0.12306081172117425,-0.0044492642006216465,0.09580098715253997,0.5469425532491698,1.969649426806715,1.7280570382516312,1.5445915161807258,1.747432660413024
ELM_lp,humidity,1.0,1.0,1500,10.0,4.0,8.700905889739136,0.1222937214901353,-0.005535801769863979,0.09377513049586511,0.55257314786654,1.9279982129600484,1.7172853258422873,1.5471645964397005,1.7308160450806787
ELM_lp,humidity,1.0,1.0,3750,25.0,0.0,7.393353431573126,0.1039156976177854,-0.005636970072233104,0.0796206736111242,0.6769453196851087,1.6369853672844688,1.4592155710796804,1.3236243871467757,1.4732751085036415
ELM_lp,humidity,1.0,1.0,3750,25.0,1.0,7.4347383925465,0.10449737508393594,-0.004849406294813684,0.07947595019172844,0.6733185421353771,1.6340098822865483,1.4673836615165556,1.3365920290885205,1.479328524297208
ELM_lp,humidity,1.0,1.0,3750,25.0,2.0,7.222272849938473,0.10151111109910212,-0.005104145482469845,0.0772336199390084,0.6917231695390118,1.587908013942029,1.4254496418648592,1.2978952661997283,1.4370843073355388
ELM_lp,humidity,1.0,1.0,3750,25.0,3.0,7.567119531801495,0.10635802986859338,-0.0032182077848334975,0.08150600837614218,0.661581348637674,1.6757474787159894,1.4935115372506196,1.3523285069623754,1.507195840976328
ELM_lp,humidity,1.0,1.0,3750,25.0,4.0,7.546729225650556,0.10607143828225497,-0.005386229432298375,0.08081218239019444,0.6634026923906189,1.661482553101501,1.4894871317477703,1.3588388825099824,1.5032695224530848
ELM_lp,humidity,1.0,1.0,7500,50.0,0.0,6.945924043212898,0.09762694956097037,-0.004371200699776603,0.0742081871699324,0.7148632720817409,1.5257057121018145,1.3709070739279376,1.252634239722832,1.383082341917528
ELM_lp,humidity,1.0,1.0,7500,50.0,1.0,6.681074081276085,0.09390440757600649,-0.005900708181746423,0.07093172409986608,0.7361933878695008,1.4583422767163954,1.318634016507521,1.2139876085334895,1.3303213005858021
ELM_lp,humidity,1.0,1.0,7500,50.0,2.0,6.715185472423374,0.09438385293738284,-0.00465756045911806,0.07163809717577059,0.7334926894717066,1.472865168029109,1.3253665328918651,1.2157500122336813,1.3379939043848852
ELM_lp,humidity,1.0,1.0,7500,50.0,3.0,7.112930298310332,0.0999742702545641,-0.005284351158944609,0.07600800744130533,0.7009869052888638,1.5627096623870051,1.4038688591531883,1.2840086485396507,1.4168623900266146
ELM_lp,humidity,1.0,1.0,7500,50.0,4.0,6.808993413946847,0.09570235039266084,-0.005198654187504737,0.07202618417860403,0.7259947209176013,1.4808441603693956,1.3438812718704476,1.235514934153118,1.3534134554643202
ELM_lp,humidity,1.0,1.0,15000,100.0,0.0,6.171600531121165,0.08674361107518325,-0.004246816943195662,0.06495056489760105,0.7748931465419285,1.3353708215723792,1.2180799520603245,1.1294584889669845,1.2276364208665627
ELM_lp,humidity,1.0,1.0,15000,100.0,1.0,6.42653178114829,0.09032674272664902,-0.004445201939188546,0.06764622071798437,0.7559120043455893,1.39079297430064,1.2683953675260282,1.177704527416563,1.2789642897477436
ELM_lp,humidity,1.0,1.0,15000,100.0,2.0,6.358022692192281,0.0893638278818615,-0.005310718865539235,0.06697545197157158,0.761088393185161,1.3770021009896147,1.2548738268218909,1.161208361302432,1.264361429704646
ELM_lp,humidity,1.0,1.0,15000,100.0,3.0,6.372237231130444,0.08956361729322203,-0.005856921533868859,0.06755268362182333,0.7600189366207963,1.3888698700267201,1.2576793300006928,1.1622186763844522,1.2695892921372882
ELM_lp,humidity,1.0,1.0,15000,100.0,4.0,6.319326439070374,0.08881994097376575,-0.005011575891278724,0.0663970911004487,0.7639876752437973,1.3651111153938111,1.2472364028003649,1.15786188303267,1.2567364670756154
ELM_lp,humidity,1.0,1.0,37500,250.0,0.0,5.914708629710287,0.08313292190760335,-0.004509909222341132,0.061661694245236875,0.7932431949489411,1.267752288738725,1.1673775656408973,1.090444379673568,1.1751914113510633
ELM_lp,humidity,1.0,1.0,37500,250.0,1.0,5.9277984373841015,0.08331690289927328,-0.0033572365981080266,0.061774788362191003,0.7923270377044598,1.2700774815081817,1.1699610822219522,1.0930289647334355,1.1776891761545232
ELM_lp,humidity,1.0,1.0,37500,250.0,2.0,5.967498825781709,0.08387490321593832,-0.004189742543386911,0.06223484687268278,0.7895360163646579,1.2795361938703502,1.1777966909837767,1.0997297657242924,1.1856875501928064
ELM_lp,humidity,1.0,1.0,37500,250.0,3.0,5.969672189862197,0.08390545046985924,-0.004134408081686137,0.06238002082351871,0.7893826864115533,1.2825209417059438,1.178225644737608,1.1013121842780647,1.1873529235738722
ELM_lp,humidity,1.0,1.0,37500,250.0,4.0,6.004025664753301,0.08438829838751176,-0.0028372290817043266,0.06271026681248967,0.7869516466067166,1.2893107341936365,1.185005940843529,1.1051075310999883,1.193141402045718
ELM_lp,humidity,1.0,1.0,75000,500.0,0.0,5.7727598214822375,0.08113779079835075,-0.0037953495935087594,0.05999726965949409,0.803048143161271,1.2335320470824325,1.1393613327934302,1.0673074377467051,1.1467336058741893
ELM_lp,humidity,1.0,1.0,75000,500.0,1.0,5.762639467093203,0.08099554632211828,-0.003714176302583866,0.059788266139476146,0.8037380992546526,1.2292349758763867,1.1373638929515504,1.0684181676552094,1.1450056788277154
ELM_lp,humidity,1.0,1.0,75000,500.0,2.0,5.724682634363178,0.08046205217916846,-0.0036772632090688647,0.05926510316494812,0.8063150247760488,1.2184788481627455,1.1298724072730773,1.0626469072498603,1.1369993875618942
ELM_lp,humidity,1.0,1.0,75000,500.0,3.0,5.783425660082516,0.08128770221122782,-0.004300549153122065,0.06014550669904384,0.8023196883546642,1.2365797714186733,1.1414664340723282,1.0709409350156103,1.1496623801688706
ELM_lp,humidity,1.0,1.0,75000,500.0,4.0,5.819970741577703,0.08180135378668932,-0.004630219005591161,0.06039275914382687,0.799813537751035,1.2416632329843462,1.1486792844328182,1.0771874987589363,1.155843338725367
ELM_lp,humidity,1.0,1.0,150000,1000.0,0.0,5.627070898273314,0.07909009130304637,-0.002398359957241709,0.05804175938278592,0.8128637699626633,1.193327140952394,1.110606918812296,1.047198424995364,1.1170441615866846
ELM_lp,humidity,1.0,1.0,150000,1000.0,1.0,5.618829003524464,0.07897424911445822,-0.002827535652955774,0.05791885942626621,0.8134115603156591,1.1908003420528361,1.1089802278575038,1.0475284105716092,1.1157696601606497
ELM_lp,humidity,1.0,1.0,150000,1000.0,2.0,5.646128282093503,0.07935794828469529,-0.002947622851710962,0.05833327226771506,0.8115940628184817,1.1993205884498943,1.1143682473449892,1.0498918798127574,1.1211935718692136
ELM_lp,humidity,1.0,1.0,150000,1000.0,3.0,5.691739080709937,0.07999902110787324,-0.0031776826687377295,0.0589880533938011,0.808537789777833,1.2127827594359377,1.1233703853012587,1.0577814070544167,1.131311517263871
ELM_lp,humidity,1.0,1.0,150000,1000.0,4.0,5.5757576336194825,0.07836886868831545,-0.0024656144874504876,0.05716452331329648,0.8162611993338729,1.1752913401449048,1.100479293306657,1.041681612676011,1.1058174153758575
ELM_m_estimator,humidity,1.0,1.0,750,5.0,0.0,9.094020646229941,0.12781906185735425,-0.0009970070826588826,0.0998757993553194,0.5112295138257633,2.053426763117145,1.7948738219424287,1.597691328873287,1.8153306379776204
ELM_m_estimator,humidity,1.0,1.0,750,5.0,1.0,8.744378341034418,0.12290473922996263,0.00012653761178027656,0.09549821730198385,0.5480910092743845,1.9634245383131061,1.7258654212523319,1.550746057944021,1.7466786725031531
ELM_m_estimator,humidity,1.0,1.0,750,5.0,2.0,9.53928421419155,0.13407736868885517,-0.00657299334964714,0.10397826361526709,0.46219519420964816,2.13777262027658,1.8827548542260197,1.682344606119085,1.9009573602072283
ELM_m_estimator,humidity,1.0,1.0,750,5.0,3.0,9.811226468013185,0.13789959486526768,-0.002230026055265291,0.10774335636489314,0.43109506269133646,2.215182185632801,1.9364277071314973,1.7207063982046613,1.95743876365632
ELM_m_estimator,humidity,1.0,1.0,750,5.0,4.0,9.412894848416531,0.13230092999462303,0.010314523791320977,0.10151209002944293,0.47635191893966644,2.0870685770918262,1.8578095662366492,1.673889703505012,1.8729226156111622
ELM_m_estimator,humidity,1.0,1.0,1500,10.0,0.0,7.709360774863858,0.10835727123310385,-0.0015431212953269308,0.08280575670583872,0.6487390742296437,1.702470048374938,1.521585487542235,1.3853316330848486,1.5364623896673404
ELM_m_estimator,humidity,1.0,1.0,1500,10.0,1.0,8.178079952059012,0.11494525336271036,-0.0021737332518332628,0.08800447944069222,0.6047282230614329,1.8093547638583707,1.6140959198050808,1.463145531032308,1.6288654048985867
ELM_m_estimator,humidity,1.0,1.0,1500,10.0,2.0,8.673906377585196,0.12191423562262152,-0.0025293463543027256,0.09440794265650015,0.5553456324495922,1.9410087063434465,1.7119564708225425,1.5333444893535233,1.7287698888398373
ELM_m_estimator,humidity,1.0,1.0,1500,10.0,3.0,8.738964126577997,0.12282864089684513,-0.0018585061428673065,0.09551331045276618,0.5486504486374837,1.9637348505204302,1.724796825504395,1.5435493904168238,1.7440270221472165
ELM_m_estimator,humidity,1.0,1.0,1500,10.0,4.0,8.68378039986268,0.12205301783055392,-0.0025985568206078665,0.09345541036824202,0.5543327033404899,1.9214248301084846,1.7139052924485942,1.5463884730479727,1.7272395318683504
ELM_m_estimator,humidity,1.0,1.0,3750,25.0,0.0,7.380427530897965,0.10373402038587308,-0.0029348848520867723,0.07923738498608328,0.6780739340463209,1.6291050286465034,1.4566644045880481,1.3247810921234535,1.4701835084526682
ELM_m_estimator,humidity,1.0,1.0,3750,25.0,1.0,7.414148413340965,0.10420797703569147,-0.001988104221174358,0.07902158327689526,0.6751254787014462,1.6246681880100986,1.4633198468290805,1.3367724550608646,1.4749201633000144
ELM_m_estimator,humidity,1.0,1.0,3750,25.0,2.0,7.207923700895167,0.10130942970420369,-0.002646706239780785,0.0768785227472878,0.6929469161303881,1.5806072856205193,1.4226175708825202,1.2986588516605868,1.4339612360545422
ELM_m_estimator,humidity,1.0,1.0,3750,25.0,3.0,7.560241223240431,0.10626135327397787,-0.00041405995887920904,0.08119113073160172,0.6621962959678768,1.669273656362825,1.4921539753475008,1.3541897278972064,1.505205786535844
ELM_m_estimator,humidity,1.0,1.0,3750,25.0,4.0,7.52899393329466,0.10582216367436893,-0.002155211672219941,0.08040101432444502,0.6649828834769439,1.6530290186537286,1.4859867425126425,1.3588659442099438,1.499293901792105
ELM_m_estimator,humidity,1.0,1.0,7500,50.0,0.0,6.940485266223674,0.09755050599442733,-0.002020703377100692,0.073948971535077,0.7153096311019214,1.5203762897045345,1.3698336303081031,1.2545046215317903,1.3815715138481426
ELM_m_estimator,humidity,1.0,1.0,7500,50.0,1.0,6.662998010432016,0.09365034322897711,-0.003249303317336047,0.07051599565263145,0.7376189479199817,1.449794981723504,1.3150663683105657,1.2136621420897924,1.3261744973746208
ELM_m_estimator,humidity,1.0,1.0,7500,50.0,2.0,6.699638616915557,0.09416533743547832,-0.0022545887961069517,0.07127416241219298,0.7347252851659347,1.465382740970875,1.3222980723011064,1.2156752221780056,1.3344520118166623
ELM_m_estimator,humidity,1.0,1.0,7500,50.0,3.0,6.951067387932004,0.0976992407424378,-0.002895753371400339,0.0741599753694056,0.7144408374408364,1.5247144869788236,1.371922208504015,1.2572468516836974,1.384627849055512
ELM_m_estimator,humidity,1.0,1.0,7500,50.0,4.0,6.792403963654205,0.09546918092278353,-0.002928533034886213,0.07168513400063817,0.7273282688383531,1.4738322358839706,1.3406070358411921,1.2353288777915346,1.3499227165055656
ELM_m_estimator,humidity,1.0,1.0,15000,100.0,0.0,6.165145404582479,0.08665288242495885,-0.002041888426245545,0.0646909531109272,0.7753637969970236,1.3300332543717384,1.2168059129864837,1.1306117669275797,1.2258169780952672
ELM_m_estimator,humidity,1.0,1.0,15000,100.0,1.0,6.419311653479813,0.09022526176668906,-0.002233356565525871,0.06733752209194173,0.7564601558412593,1.384446191350765,1.2669703412755542,1.1792732194261173,1.2768965840174789
ELM_m_estimator,humidity,1.0,1.0,15000,100.0,2.0,6.346965089164788,0.0892084101078815,-0.0032695593232462497,0.06668856543309297,0.7619186803956274,1.3711037702639282,1.2526914035594467,1.1614904774921786,1.2617618837718512
ELM_m_estimator,humidity,1.0,1.0,15000,100.0,3.0,6.361413637085147,0.08941148858243356,-0.0033443900132678443,0.06721124096887056,0.76083348622164,1.3818498763328666,1.2555430927556972,1.1628903843267395,1.2667611178051013
ELM_m_estimator,humidity,1.0,1.0,15000,100.0,4.0,6.298174849049287,0.08852264932483954,-0.002499025216358267,0.06593379128425192,0.7655649577251976,1.3555857624247583,1.243061743791091,1.1572989459136007,1.2519821507098168
ELM_m_estimator,humidity,1.0,1.0,37500,250.0,0.0,5.93629244711021,0.08343628863599344,-0.0018220455654396632,0.06180539845662448,0.7917314574090176,1.270706819020742,1.17163753274849,1.093983903737072,1.1787760851687679
ELM_m_estimator,humidity,1.0,1.0,37500,250.0,1.0,5.918666758502193,0.08318855454013996,-0.0017084748687323113,0.06153225413820184,0.7929663786452924,1.2650910256327257,1.1681587758480034,1.0931843275875255,1.1754780430227514
ELM_m_estimator,humidity,1.0,1.0,37500,250.0,2.0,5.959166289748054,0.08375778703816102,-0.0023159025663436763,0.06195314398422842,0.7901233560245624,1.2737444379681857,1.1761521102885042,1.1005860616236423,1.183494203293444
ELM_m_estimator,humidity,1.0,1.0,37500,250.0,3.0,5.958199848998707,0.0837442034369435,-0.002019606825499295,0.062062382020196205,0.7901914249065984,1.2759903504720604,1.1759613652628507,1.1015098976659803,1.1844872044669639
ELM_m_estimator,humidity,1.0,1.0,37500,250.0,4.0,5.994047818266368,0.08424805690061286,-0.0009020256274648004,0.062458971749600266,0.7876591710320947,1.2841441571959342,1.183036627582053,1.1050275890889978,1.1907361246223285
ELM_m_estimator,humidity,1.0,1.0,75000,500.0,0.0,5.7676822522190525,0.08106642410973376,-0.0023866152623676414,0.05977172410726844,0.8033944582418915,1.2288948749523303,1.1383591802248225,1.068510714394004,1.1452549231903857
ELM_m_estimator,humidity,1.0,1.0,75000,500.0,1.0,5.7517165958122165,0.08084202224138033,-0.0019823846242097306,0.05949011658783444,0.8044814085655861,1.2231050798184402,1.1352080615008247,1.068343383041565,1.1422188414536099
ELM_m_estimator,humidity,1.0,1.0,75000,500.0,2.0,5.720042520476984,0.08039683405102505,-0.0021068402525846372,0.0590519322186592,0.806628878372394,1.2140960954933888,1.1289565946452915,1.0636554903589936,1.1355693934992248
ELM_m_estimator,humidity,1.0,1.0,75000,500.0,3.0,5.770959981783625,0.0811124935364773,-0.0025520454246469705,0.05978721334071984,0.8031709359055339,1.2292133305413173,1.139006101011537,1.0714131653154062,1.146544198956087
ELM_m_estimator,humidity,1.0,1.0,75000,500.0,4.0,5.797638301568815,0.08148746495335958,-0.0032894324072645234,0.05999993469919622,0.8013469044791921,1.2335868397737997,1.1442715627537752,1.0751092536038327,1.150989218710469
ELM_m_estimator,humidity,1.0,1.0,150000,1000.0,0.0,5.600212870757022,0.07871259404259154,-0.0012462393642684426,0.0576059138489194,0.814645910364531,1.184366242620631,1.1053059884127165,1.0441487843862984,1.1112736718065486
ELM_m_estimator,humidity,1.0,1.0,150000,1000.0,1.0,5.610126052646263,0.07885192665007021,-0.0015933395091304106,0.057710530801449986,0.8139891228026348,1.1865171465592097,1.1072625389152195,1.0475944383873725,1.1137913746206005
ELM_m_estimator,humidity,1.0,1.0,150000,1000.0,2.0,5.636074472703213,0.07921663911745777,-0.001951361438065892,0.05806975261698074,0.8122644375706567,1.1939026763338667,1.1123839413941432,1.049720047514474,1.1186688884141613
ELM_m_estimator,humidity,1.0,1.0,150000,1000.0,3.0,5.626738321815446,0.07908541684578546,-0.0020656179769378315,0.05800805697693554,0.8128858899133273,1.1926342261261667,1.110541278673435,1.0455420216516282,1.1162391754837433
ELM_m_estimator,humidity,1.0,1.0,150000,1000.0,4.0,5.565742587419609,0.07822810434880886,-0.001215890810864856,0.056825376927847275,0.8169206612683951,1.1683185572586494,1.0985026379911504,1.0425268005735924,1.1031159986077974
ELM_mae,humidity,1.0,1.0,750,5.0,0.0,9.107607828528279,0.12801003359166394,-0.002720511244685851,0.10010808452611483,0.5097678996388815,2.0582025004776003,1.7975555046403184,1.5982316649188297,1.8179965566789162
ELM_mae,humidity,1.0,1.0,750,5.0,1.0,8.753402436879652,0.12303157547873746,-0.0012574068535956366,0.09572319551999989,0.5471577984395553,1.9680500461636015,1.7276464941165137,1.549772367083482,1.7484896357878659
ELM_mae,humidity,1.0,1.0,750,5.0,2.0,9.546376076805485,0.13417704684677867,-0.007434026346680665,0.10404336513641757,0.4613952483311795,2.139111094728979,1.8841545649865006,1.6833905714764235,1.9022187437306346
ELM_mae,humidity,1.0,1.0,750,5.0,3.0,9.81724140479482,0.1379841365225245,-0.004375734227062901,0.10790292691458986,0.43039729545933036,2.2184629247054053,1.9376148665838429,1.720237037100763,1.9587716094633372
ELM_mae,humidity,1.0,1.0,750,5.0,4.0,9.41327477501274,0.13230626997162453,0.008194424600521385,0.10165046160285217,0.476309646747901,2.089913469387329,1.8578845518044549,1.6719057744937766,1.8732345985618535
ELM_mae,humidity,1.0,1.0,1500,10.0,0.0,7.7201944192742555,0.10850954120464908,-0.0032208614271473546,0.08303350481765562,0.6477511558050678,1.7071525046964182,1.523723708413387,1.3855404374126143,1.5388055501741398
ELM_mae,humidity,1.0,1.0,1500,10.0,1.0,8.187983932225166,0.11508445663733856,-0.00446668543557905,0.08832794450334122,0.6037702636554656,1.8160051418364613,1.6160506541766855,1.461496504116979,1.6311841000433753
ELM_mae,humidity,1.0,1.0,1500,10.0,2.0,8.68357766826763,0.12205016837998675,-0.003981281648553803,0.09456895363313375,0.5543535122009373,1.944319060310165,1.7138652796042217,1.5337057664850517,1.7306300354664794
ELM_mae,humidity,1.0,1.0,1500,10.0,3.0,8.749270614363764,0.1229735015312189,-0.0035034998860010436,0.09567067754188548,0.54758520298856,1.9669702868775578,1.7268310022280329,1.544329403124359,1.7460435640766498
ELM_mae,humidity,1.0,1.0,1500,10.0,4.0,8.696385328733975,0.12223018371193725,-0.004334120743702366,0.09363842423909806,0.5530379488836318,1.9251875592467065,1.7163931091952949,1.54743212504774,1.7296709311632472
ELM_mae,humidity,1.0,1.0,3750,25.0,0.0,7.390453874162119,0.10387494350885007,-0.004390348060652394,0.07946674942798887,0.6771986639675223,1.6338207163962535,1.4586432895889414,1.3246216784576312,1.4723618948142754
ELM_mae,humidity,1.0,1.0,3750,25.0,1.0,7.429294164767517,0.10442085490498343,-0.003710695118320612,0.07932013293448639,0.6737968043131262,1.6308063101675605,1.466309142082158,1.3369064059722437,1.4780072860739875
ELM_mae,humidity,1.0,1.0,3750,25.0,2.0,7.215901066220186,0.10142155385606166,-0.003925578431527271,0.07706971562360149,0.6922668783821531,1.5845381735000057,1.4241920520440385,1.298167976129862,1.4356327338913022
ELM_mae,humidity,1.0,1.0,3750,25.0,3.0,7.563879080465301,0.10631248439801448,-0.002141861005889738,0.08138190631175406,0.6618711271624657,1.673195964715425,1.4928719740144152,1.352936076602344,1.5063346717773947
ELM_mae,humidity,1.0,1.0,3750,25.0,4.0,7.540318969103942,0.10598134029260582,-0.0040376096883688395,0.08064020969353386,0.6639742668187769,1.6579468283300578,1.4882219485999597,1.3590349907337913,1.5017345892212697
ELM_mae,humidity,1.0,1.0,7500,50.0,0.0,6.942855976346181,0.0975838270034268,-0.003370785922294862,0.07407954032563696,0.7151151105225313,1.5230607583214997,1.370301533967423,1.253296582560847,1.3822196249499232
ELM_mae,humidity,1.0,1.0,7500,50.0,1.0,6.674694620252225,0.09381474242623983,-0.0049883082098435404,0.07078502151911863,0.7366969417876899,1.4553261005509015,1.3173749114279019,1.2138641781187325,1.3288550633658451
ELM_mae,humidity,1.0,1.0,7500,50.0,2.0,6.710395663015334,0.09431653079585406,-0.003550137376478804,0.07145430766294868,0.7338727427019629,1.4690864918448399,1.3244211750734673,1.2165321854639457,1.3366799507940843
ELM_mae,humidity,1.0,1.0,7500,50.0,3.0,7.106593638063152,0.09988520668195837,-0.004222230518156222,0.07582555620093454,0.7015194285473625,1.5589585008207438,1.402618201601523,1.284310327219122,1.4152956765471298
ELM_mae,humidity,1.0,1.0,7500,50.0,4.0,6.802071926732376,0.09560506690971889,-0.004075350550859461,0.07186083885476037,0.7265515022190465,1.4774446930777354,1.3425151878583872,1.2356274062748425,1.3518624290703218
ELM_mae,humidity,1.0,1.0,15000,100.0,0.0,6.165617878157152,0.08665952317621907,-0.003145013243558776,0.06476637275442707,0.7753293651289168,1.331583867387374,1.216899164418796,1.1297322515535904,1.2260717611199201
ELM_mae,humidity,1.0,1.0,15000,100.0,1.0,6.420819286980496,0.09024645198685444,-0.003437783736873995,0.06747509186390527,0.7563457473301632,1.387274598766468,1.2672679007389342,1.17788469230639,1.2774757306039308
ELM_mae,humidity,1.0,1.0,15000,100.0,2.0,6.3513464363236665,0.08926999119564287,-0.00424379192137402,0.06680021334382558,0.7615898690870957,1.3733992293183166,1.253556143769111,1.1614688627812413,1.2628080786228895
ELM_mae,humidity,1.0,1.0,15000,100.0,3.0,6.366781646920815,0.08948693749638786,-0.004626472726334434,0.06736866846907216,0.760429679787322,1.385086554729948,1.2566025691638538,1.1627272493609275,1.2681387910849098
ELM_mae,humidity,1.0,1.0,15000,100.0,4.0,6.307796287121657,0.08865788138950818,-0.003779204606151403,0.0661280431393638,0.7648481389050401,1.3595795423058368,1.2449607132345675,1.1574803096788693,1.2540068550730912
ELM_mae,humidity,1.0,1.0,37500,250.0,0.0,5.9063950164816825,0.08301607169526458,-0.003404037338222276,0.06145532310926187,0.7938240141208173,1.2635093388301253,1.1657367197125386,1.0903851367658013,1.173210398436155
ELM_mae,humidity,1.0,1.0,37500,250.0,1.0,5.925075623401976,0.08327863296979476,-0.0028924142994266435,0.06168935251733034,0.7925177746150724,1.268320937365368,1.1694236843284735,1.0932005297374272,1.1769817171437562
ELM_mae,humidity,1.0,1.0,37500,250.0,2.0,5.964219731995773,0.08382881461467323,-0.003312867986653662,0.06209798211716157,0.7897672494323872,1.2767222814538408,1.177149500942647,1.1003046770328846,1.1847254864764574
ELM_mae,humidity,1.0,1.0,37500,250.0,3.0,5.9663562844769515,0.08385884447103456,-0.0030286076028920197,0.062225803595314814,0.7896165997989602,1.279350265868837,1.1775711892438783,1.101906619681186,1.1862760249313002
ELM_mae,humidity,1.0,1.0,37500,250.0,4.0,5.999201741143873,0.08432049676112285,-0.0018247432201660544,0.06255849241911798,0.787293855709657,1.2861902825595373,1.1840538499540936,1.1052565969604073,1.1918335764913461
ELM_mae,humidity,1.0,1.0,75000,500.0,0.0,5.767482166683323,0.08106361185028735,-0.0030086752048220796,0.05982522446426712,0.8034080988139957,1.229994831754744,1.1383196896293861,1.067660015636684,1.1453248456736047
ELM_mae,humidity,1.0,1.0,75000,500.0,1.0,5.754183448106348,0.08087669455610695,-0.0029875048440957423,0.059601014212469154,0.8043136607609531,1.2253851131384328,1.135694940602773,1.0680205043832398,1.1430335193748151
ELM_mae,humidity,1.0,1.0,75000,500.0,2.0,5.717600800581539,0.080362514979352,-0.0031273876339833325,0.05909865342732827,0.8067939321592863,1.2150566743413733,1.1284746758888538,1.0625255564962715,1.1353523022421663
ELM_mae,humidity,1.0,1.0,75000,500.0,3.0,5.773290001772648,0.08114524263400978,-0.003430145185355979,0.05991229513630468,0.8030119646986493,1.2317849876223177,1.139465973717526,1.0705251620487708,1.1472587077962049
ELM_mae,humidity,1.0,1.0,75000,500.0,4.0,5.8095404629477985,0.08165475323658633,-0.0040868872780209665,0.06021393839716812,0.8005304243690137,1.237986713653739,1.1466206752876826,1.0762022914715204,1.1536032268043142
ELM_mae,humidity,1.0,1.0,150000,1000.0,0.0,5.612259751080757,0.07888191639198888,-0.0019592018036628015,0.05779674978247845,0.8138476049156852,1.188289791827386,1.107683663917347,1.0454639139485014,1.1138124565644114
ELM_mae,humidity,1.0,1.0,150000,1000.0,1.0,5.608359135038286,0.07882709211759921,-0.002341671601835921,0.05772851051161308,0.8141062731604711,1.1868868058588629,1.1069138049191733,1.046708346464816,1.1135029857476173
ELM_mae,humidity,1.0,1.0,150000,1000.0,2.0,5.63526730311847,0.07920529411802406,-0.0024895291362092746,0.058138151338823864,0.8123182067625686,1.195308940583087,1.1122246314899893,1.0487981050072943,1.1187772256934567
ELM_mae,humidity,1.0,1.0,150000,1000.0,3.0,5.682005359535519,0.07986221087208266,-0.0027588788375118452,0.05880118347604729,0.8091920875917736,1.2089407507329883,1.121449254702848,1.0570779243588908,1.1291559765982424
ELM_mae,humidity,1.0,1.0,150000,1000.0,4.0,5.563375915222479,0.07819484009400574,-0.0019808153628635117,0.056925018817292485,0.8170763266274144,1.170367174880086,1.0980355312913752,1.040906753782246,1.1031031533179023
ELM_ols,humidity,1.0,1.0,750,5.0,0.0,9.129138364312942,0.1283126514317084,-0.005901618644539697,0.10056196143074325,0.5074473263273251,2.067534120240753,1.8018049556318672,1.5988194585934061,1.8227195114886754
ELM_ols,humidity,1.0,1.0,750,5.0,1.0,8.77571177308751,0.12334513958153405,-0.005711657318065542,0.09630130585481723,0.5448465867728793,1.9799358807823093,1.7320496558314584,1.5481382921098663,1.7533746095745446
ELM_ols,humidity,1.0,1.0,750,5.0,2.0,9.546818803468835,0.13418326949669007,-0.010550672791964472,0.10433241774192592,0.46134529006178204,2.145053959366167,1.8842419453135568,1.6811234079091786,1.9034731041963007
ELM_ols,humidity,1.0,1.0,750,5.0,3.0,9.835476093435009,0.1382404302880567,-0.007278494768142931,0.10824694452235899,0.4282793534464613,2.225535858963118,1.9412138209478966,1.7212247208210094,1.9626581335773412
ELM_ols,humidity,1.0,1.0,750,5.0,4.0,9.409783759197516,0.13225720274560981,0.004060060109549636,0.10191679590711653,0.47669800730107725,2.0953892502255576,1.8571955350161182,1.6674583608150086,1.8733477153522282
ELM_ols,humidity,1.0,1.0,1500,10.0,0.0,7.739279327074532,0.10877778504371236,-0.006045896296510846,0.08349811985148081,0.6460074312864081,1.716704898280865,1.5274904693145845,1.385779718421395,1.5433250286722815
ELM_ols,humidity,1.0,1.0,1500,10.0,1.0,8.20640719930155,0.1153434009267412,-0.007368462078040396,0.08885422067261484,0.6019851945153745,1.8268252762208943,1.619686827996432,1.460190348991964,1.635567484403097
ELM_ols,humidity,1.0,1.0,1500,10.0,2.0,8.700275745194427,0.1222848646282837,-0.006365549686977154,0.09491037805778499,0.5526379533900153,1.9513386792337295,1.7171609551165832,1.5345542449221412,1.7343512930908178
ELM_ols,humidity,1.0,1.0,1500,10.0,3.0,8.766421377551502,0.1232145604144207,-0.005953093560622949,0.09600006346754235,0.5458097717704153,1.973742396632912,1.7302160237789534,1.5453465017177621,1.7497683073765424
ELM_ols,humidity,1.0,1.0,1500,10.0,4.0,8.710149136864013,0.12242363797284168,-0.007312303143163714,0.09399353663469899,0.5516220115717358,1.9324886001570014,1.7191096522804579,1.5472763586829836,1.7329582037068143
ELM_ols,humidity,1.0,1.0,3750,25.0,0.0,7.401687576445915,0.10403283640825699,-0.00722017594796373,0.07986213467129263,0.6762165835235279,1.641949759123142,1.460860469309227,1.3231212122512892,1.475310480227886
ELM_ols,humidity,1.0,1.0,3750,25.0,1.0,7.454647625387042,0.10477720504726824,-0.007055326372434161,0.07988384635602981,0.67156658120413,1.642396147084985,1.4713131182695773,1.337334071588152,1.483681112314238
ELM_ols,humidity,1.0,1.0,3750,25.0,2.0,7.240394008581458,0.10176580916804426,-0.00731408101357812,0.07760527117394604,0.6901742550334928,1.5955490901315819,1.4290261889760694,1.2983581081525153,1.4409777957533887
ELM_ols,humidity,1.0,1.0,3750,25.0,3.0,7.573928483114725,0.10645373162724842,-0.004714290112988554,0.08170472811351405,0.6609720513182764,1.679833117376335,1.4948554102131317,1.3518877052284517,1.5088587442726393
ELM_ols,humidity,1.0,1.0,3750,25.0,4.0,7.558147162399949,0.10623192064978282,-0.00714093115281843,0.08106390623358753,0.6623834020458585,1.6666579457419057,1.4917406735604972,1.3591007533254056,1.5058331242092695
ELM_ols,humidity,1.0,1.0,7500,50.0,0.0,6.891421815855882,0.0968609051631277,-0.0067144603672201035,0.07388405046337963,0.7193204518356119,1.51904152525735,1.3601500474238009,1.2416431047446719,1.3736115591419409
ELM_ols,humidity,1.0,1.0,7500,50.0,1.0,6.69988841476746,0.09416884841575054,-0.007477476172675948,0.07127699209692488,0.734705503117059,1.4654409187316257,1.3223473745451413,1.215453753168631,1.3344140154817994
ELM_ols,humidity,1.0,1.0,7500,50.0,2.0,6.72872003025956,0.09457408501982181,-0.005988999560128109,0.07193991042947463,0.7324173078121781,1.4790703890798513,1.328037829175078,1.2160448264169246,1.3410510148906178
ELM_ols,humidity,1.0,1.0,7500,50.0,3.0,7.1277201402255495,0.10018214571385341,-0.007011197295530649,0.07635257072818924,0.6997421428926343,1.5697938156998403,1.4067879090560818,1.2843689337151056,1.4203168861570095
ELM_ols,humidity,1.0,1.0,7500,50.0,4.0,6.896269445750565,0.0969290399881379,-0.005899450773393981,0.0734203658247487,0.718925436363111,1.5095082604148458,1.3611068171887826,1.2484627695220423,1.3730259490418903
ELM_ols,humidity,1.0,1.0,15000,100.0,0.0,6.185660241446382,0.08694122432609448,-0.005541045382230819,0.06524478130140554,0.7738663327663073,1.3414198528854693,1.2208548969376807,1.1302496220883438,1.230841457303831
ELM_ols,humidity,1.0,1.0,15000,100.0,1.0,6.444183102344475,0.09057483709586232,-0.005808543560288467,0.06798488506251525,0.754569322893767,1.3977558465205575,1.2718791834937064,1.1790560731181738,1.2828970343774793
ELM_ols,humidity,1.0,1.0,15000,100.0,2.0,6.374802181397524,0.08959966840302294,-0.006605465945104381,0.06728481018508857,0.7598257035839124,1.3833624449280493,1.258185570558974,1.162243500886937,1.2679305054579868
ELM_ols,humidity,1.0,1.0,15000,100.0,3.0,6.3882570600202495,0.0897887805713216,-0.007264343848092934,0.0678658184027156,0.7588107932574686,1.3953078594465542,1.2608411406700175,1.163430192545054,1.273193064220542
ELM_ols,humidity,1.0,1.0,15000,100.0,4.0,6.339890736888524,0.08910897806276344,-0.006492030974049423,0.06678795356221429,0.7624491173695251,1.373147170623086,1.2512951487892172,1.1593856248096026,1.2612759814073018
ELM_ols,humidity,1.0,1.0,37500,250.0,0.0,5.9412925722850956,0.08350656682579369,-0.0060554370503754455,0.0621289365721561,0.7913804614419332,1.277358698951711,1.172624400288378,1.0927950345763042,1.1809260446054644
ELM_ols,humidity,1.0,1.0,37500,250.0,1.0,5.947179848899353,0.08358931418287617,-0.0043648757808655665,0.06211721471275993,0.7909668108994028,1.2771176998312737,1.173786363636443,1.0947098437290648,1.1818713023989271
ELM_ols,humidity,1.0,1.0,37500,250.0,2.0,5.986788749323806,0.08414602860990508,-0.005359523423290945,0.06258920913343624,0.7881731687218602,1.2868218121559285,1.1816039155481213,1.1013187555079986,1.1899148277373495
ELM_ols,humidity,1.0,1.0,37500,250.0,3.0,5.979690944049148,0.08404626692618501,-0.005574606506948411,0.0626583162718437,0.7886751454581925,1.2882426413101813,1.18020303189321,1.0983595735266451,1.1889350822433455
ELM_ols,humidity,1.0,1.0,37500,250.0,4.0,6.02155330352917,0.08463465436492368,-0.003900404350686374,0.06302249587954831,0.7857059206583826,1.2957301023154413,1.1884653457891634,1.106858824422221,1.1970180908422752
ELM_ols,humidity,1.0,1.0,75000,500.0,0.0,5.801155487607286,0.08153690000934898,-0.004871481068441085,0.06048176812825405,0.8011058022255524,1.2434932401728787,1.1449657447215684,1.0701902569325108,1.152883080608986
ELM_ols,humidity,1.0,1.0,75000,500.0,1.0,5.8010671406914325,0.08153565826817182,-0.005074837286037301,0.06037426833493149,0.8011118601756247,1.2412830655954237,1.1449483078173999,1.072896691891611,1.1530426884348115
ELM_ols,humidity,1.0,1.0,75000,500.0,2.0,5.752278213401767,0.08084991593727255,-0.0047550380423444435,0.05972945273232463,0.8044432244724873,1.2280257838092938,1.1353189071595977,1.065335829402701,1.142893506790531
ELM_ols,humidity,1.0,1.0,75000,500.0,3.0,5.817695121225482,0.08176936929161507,-0.005458986780696872,0.06071854555278269,0.7999700537707146,1.2483613373852906,1.1482301485051827,1.0745244145265807,1.1570386334723513
ELM_ols,humidity,1.0,1.0,75000,500.0,4.0,5.861268287973046,0.08238180261593754,-0.005786293708887124,0.0609953843141295,0.7969624783712521,1.254053087792167,1.156830121979705,1.0823396712528939,1.1644076270082553
ELM_ols,humidity,1.0,1.0,150000,1000.0,0.0,5.691525438540966,0.07999601830606826,-0.003381563155112824,0.058949312263665954,0.8085521627607138,1.2119862494308473,1.123328219052548,1.0557160921208533,1.1303435202014163
ELM_ols,humidity,1.0,1.0,150000,1000.0,1.0,5.676915249431111,0.0797906679183545,-0.003924831848987362,0.05874813623694816,0.8095337973198118,1.2078501099453425,1.120444626966381,1.0548208804023966,1.1277052057713732
ELM_ols,humidity,1.0,1.0,150000,1000.0,2.0,5.700697184135356,0.08012492981430805,-0.0036295134323089083,0.05911612565943828,0.8079346391533335,1.2154158999922082,1.125138433336118,1.0572606987661108,1.1326050106981456
ELM_ols,humidity,1.0,1.0,150000,1000.0,3.0,5.702702920744408,0.08015312101616201,-0.0038542328081573535,0.059233515291651495,0.8077994626009387,1.2178294077093432,1.1255343026961455,1.053257971642209,1.1322072273492327
ELM_ols,humidity,1.0,1.0,150000,1000.0,4.0,5.631599663535162,0.07915374439441929,-0.0033808561644047387,0.05802240481574414,0.8125624277144519,1.1929292148661081,1.1115007547216726,1.0479166241874454,1.117448864591742
ELM_ridge,humidity,1.0,1.0,750,5.0,0.0,9.12908786274524,0.12831194161772655,-0.005899745415671259,0.1005615778901803,0.5074527758259308,2.0675262347223216,1.8017949882098259,1.5988127081767562,1.8227113103696346
ELM_ridge,humidity,1.0,1.0,750,5.0,1.0,8.775638575071328,0.12334411076247566,-0.005710174331380762,0.09630038890131565,0.5448541795901509,1.9799170283989205,1.7320352088439077,1.5481326206887525,1.753361619310527
ELM_ridge,humidity,1.0,1.0,750,5.0,2.0,9.546698795589096,0.13418158275160774,-0.010548923663322843,0.10433121825186353,0.46135883224891006,2.1450292980867367,1.8842182595303207,1.6811051687107417,1.903450908775933
ELM_ridge,humidity,1.0,1.0,750,5.0,3.0,9.835430965106141,0.13823979599648387,-0.00727607347545187,0.10824619916359275,0.42828459991097845,2.2255205345336906,1.9412049140343033,1.7212215952290313,1.9626490145990083
ELM_ridge,humidity,1.0,1.0,750,5.0,4.0,9.409717129549515,0.13225626624684533,0.004061545092244647,0.10191637987351557,0.4767054181630095,2.0953806966566644,1.8571823844179818,1.6674473447917397,1.8733368086221287
ELM_ridge,humidity,1.0,1.0,1500,10.0,0.0,7.7392156418326055,0.10877688992941761,-0.00604414369055344,0.08349736813531572,0.6460132571543399,1.7166894431445694,1.5274778998496554,1.3857722241839716,1.5433131890593987
ELM_ridge,humidity,1.0,1.0,1500,10.0,1.0,8.20635214502835,0.1153426271231811,-0.007367106428819823,0.08885324868069691,0.6019905348163869,1.826805292258506,1.619675962013431,1.4601874799829542,1.6355562447516305
ELM_ridge,humidity,1.0,1.0,1500,10.0,2.0,8.700220187669863,0.12228408375138172,-0.006364696694625406,0.09490988800547026,0.552643666829282,1.9513286038546598,1.717149989807582,1.5345460494603025,1.7343415477075146
ELM_ridge,humidity,1.0,1.0,1500,10.0,3.0,8.766358086745292,0.12321367084403279,-0.005950559177294619,0.09599892214836332,0.545816329968045,1.9737189313353865,1.7302035321632363,1.5453418247393165,1.7497547627459797
ELM_ridge,humidity,1.0,1.0,1500,10.0,4.0,8.710104834769128,0.12242301529422386,-0.007312734591986194,0.09399342485447673,0.5516265726953995,1.932486301977648,1.7191009084394815,1.5472678675774894,1.732951692664873
ELM_ridge,humidity,1.0,1.0,3750,25.0,0.0,7.401530274265571,0.10403062548111026,-0.007228159270530025,0.07986352250126659,0.6762303456002537,1.641978292634058,1.4608294228033287,1.3230456008936748,1.4752844387770205
ELM_ridge,humidity,1.0,1.0,3750,25.0,1.0,7.45277257298937,0.10475085064939219,-0.007027300725133126,0.07986380432969399,0.671731780808756,1.6419840869710165,1.4709430418650613,1.3370697723487928,1.4833323003949568
ELM_ridge,humidity,1.0,1.0,3750,25.0,2.0,7.240167403044929,0.10176262416239959,-0.007327274863723173,0.07760382258038499,0.6901936482130402,1.595519307333283,1.428981464166082,1.2983652873718037,1.4409553529570562
ELM_ridge,humidity,1.0,1.0,3750,25.0,3.0,7.573811741943137,0.1064520907966837,-0.004711884589042522,0.08170586477513465,0.6609825024903453,1.679856486915377,1.494832369175402,1.3518678498001575,1.5088522352969786
ELM_ridge,humidity,1.0,1.0,3750,25.0,4.0,7.5580824421898,0.1062310109887136,-0.007141864372061075,0.08106320618927508,0.6623891840247342,1.6666435529687234,1.4917278998253731,1.35909122821274,1.5058208936689457
ELM_ridge,humidity,1.0,1.0,7500,50.0,0.0,6.890397754741654,0.09684651169119739,-0.0067255276391639226,0.07387856561543468,0.7194038632599387,1.5189287578639024,1.3599479299493087,1.2414386528326553,1.3734384468819554
ELM_ridge,humidity,1.0,1.0,7500,50.0,1.0,6.697387278489253,0.09413369422981956,-0.007492387447228537,0.0712452190722515,0.7349035403967326,1.4647876716023847,1.3218537288623897,1.215150010958334,1.3339304704743695
ELM_ridge,humidity,1.0,1.0,7500,50.0,2.0,6.726775860009147,0.09454675915075182,-0.006015494189672667,0.07191640953199642,0.7325719140823906,1.4785872152564574,1.327654111079022,1.2158484623839714,1.340696596239817
ELM_ridge,humidity,1.0,1.0,7500,50.0,3.0,7.125167092568339,0.1001462618986394,-0.007018306747780435,0.0763211761628559,0.6999572005312287,1.569148349620089,1.4062840176988527,1.283980825310789,1.4198043975432437
ELM_ridge,humidity,1.0,1.0,7500,50.0,4.0,6.826783421525079,0.0959523940386501,-0.0071381113081135285,0.07237414169358466,0.7245610511738652,1.4879980983433692,1.3473924601705933,1.236350821211033,1.3572471265749986
ELM_ridge,humidity,1.0,1.0,15000,100.0,0.0,6.183006593142635,0.08690392654001293,-0.005584891178255409,0.0652082930226892,0.7740603138393247,1.3406696610618258,1.2203311501750194,1.1298960932729214,1.2302989681699221
ELM_ridge,humidity,1.0,1.0,15000,100.0,1.0,6.439688684352316,0.09051166676519118,-0.005827046549139364,0.06793746642958345,0.7549115488587123,1.396780928767097,1.2709921266557238,1.1782896149862974,1.2820208901363725
ELM_ridge,humidity,1.0,1.0,15000,100.0,2.0,6.37059601868727,0.08954054958280484,-0.006622212446217794,0.06723605033232559,0.7601425381668248,1.3823599519590273,1.2573554062528707,1.1616421581615024,1.2671191721244668
ELM_ridge,humidity,1.0,1.0,15000,100.0,3.0,6.385073949142166,0.08974404103728575,-0.007270473732681547,0.06782741869004848,0.7590510906373308,1.3945183689173604,1.2602128946378535,1.1629242070381551,1.272551823531123
ELM_ridge,humidity,1.0,1.0,15000,100.0,4.0,6.336896147991171,0.08906688825910032,-0.006509307130303835,0.06675207972776862,0.7626734743060471,1.372409611652626,1.2507041110702113,1.1590054690632192,1.2607063972620187
ELM_ridge,humidity,1.0,1.0,37500,250.0,0.0,5.934315039660006,0.08340849560857165,-0.006089014014775314,0.062046490320043925,0.791870184798163,1.275663620246973,1.1712472546739447,1.0917454435670049,1.1795521061626408
ELM_ridge,humidity,1.0,1.0,37500,250.0,1.0,5.939229376203947,0.08347756801462104,-0.004409124662773517,0.06201985113524389,0.7915253283287238,1.2751159238543626,1.1722171902346905,1.09353057082132,1.1802878949701245
ELM_ridge,humidity,1.0,1.0,37500,250.0,2.0,5.979708809604221,0.08404651803167265,-0.00536538578804912,0.0625071553535677,0.7886738827034775,1.2851348026032183,1.1802065579922107,1.1002464314502474,1.1885292640152254
ELM_ridge,humidity,1.0,1.0,37500,250.0,3.0,5.973526238267054,0.0839596202227799,-0.005602114717308258,0.0625797400915455,0.7891106475713031,1.286627130519686,1.178986312747884,1.0974768995730733,1.187696780946881
ELM_ridge,humidity,1.0,1.0,37500,250.0,4.0,6.01452065841815,0.08453580852594497,-0.003944393862900456,0.06293889558201733,0.7862061816641526,1.294011296664195,1.187077322702366,1.105813057234669,1.1956338922004102
ELM_ridge,humidity,1.0,1.0,75000,500.0,0.0,5.787662224988436,0.08134724834300365,-0.004914741840713222,0.06032397461140319,0.802029966565507,1.2402490365455792,1.1423025988162192,1.0681209402192857,1.1502241918603613
ELM_ridge,humidity,1.0,1.0,75000,500.0,1.0,5.786869914308949,0.08133611218973423,-0.005081422562347471,0.0602034509179068,0.8020841656632586,1.2377710931457497,1.142146221592901,1.0706402104303405,1.1501858417229973
ELM_ridge,humidity,1.0,1.0,75000,500.0,2.0,5.739288176342103,0.08066733725012751,-0.004762015346754241,0.059570922180247086,0.8053254563022225,1.224766426882901,1.1327550821616725,1.0634116196670687,1.1403110429038807
ELM_ridge,humidity,1.0,1.0,75000,500.0,3.0,5.804103870025764,0.08157834036773245,-0.005481880351548643,0.060544246580253924,0.8009035786591123,1.2447777848401833,1.1455476627340588,1.0725306538072166,1.1542853671271531
ELM_ridge,humidity,1.0,1.0,75000,500.0,4.0,5.845598034236704,0.08216155271662856,-0.005825512789178286,0.060800172487357494,0.7980466793374414,1.2500395710828334,1.1537373064574292,1.0801119220371047,1.161296266525789
ELM_ridge,humidity,1.0,1.0,150000,1000.0,0.0,5.661983066466458,0.07958079181489355,-0.003433463045452058,0.05858877601715538,0.8105344589915529,1.2045736952141368,1.117497483414555,1.051235795167889,1.1244356579321935
ELM_ridge,humidity,1.0,1.0,150000,1000.0,1.0,5.647614260105791,0.07937883413077593,-0.003960325447110499,0.0583878477068203,0.8114948784189577,1.2004426487286701,1.1146615326956602,1.0503081957950198,1.1218041257397833
ELM_ridge,humidity,1.0,1.0,150000,1000.0,2.0,5.673098794465421,0.07973702655197631,-0.003707099487833304,0.058788361370778544,0.8097898030244572,1.2086771307741162,1.1196913787193168,1.0529804715559552,1.1271163270164628
ELM_ridge,humidity,1.0,1.0,150000,1000.0,3.0,5.67267332009284,0.0797310463879473,-0.0038989472573197556,0.05885252400037552,0.8098183329451751,1.2099963018011004,1.1196074034521648,1.0488262629991894,1.1261433227508182
ELM_ridge,humidity,1.0,1.0,150000,1000.0,4.0,5.604753036682064,0.07877640737354721,-0.0034199273138339954,0.05768746716671334,0.8143452505630809,1.1860429627716587,1.1062020744546492,1.0439106304289614,1.112051889218423
ELM_robust_risk,humidity,1.0,1.0,750,5.0,0.0,9.12913836431294,0.12831265143170836,-0.005901618644539862,0.10056196143074325,0.5074473263273251,2.067534120240753,1.8018049556318667,1.5988194585934061,1.8227195114886754
ELM_robust_risk,humidity,1.0,1.0,750,5.0,1.0,8.775711773087504,0.12334513958153397,-0.005711657318065406,0.09630130585481717,0.5448465867728799,1.9799358807823078,1.7320496558314575,1.5481382921098659,1.7533746095745437
ELM_robust_risk,humidity,1.0,1.0,750,5.0,2.0,9.546818803468835,0.13418326949669007,-0.010550672791964451,0.10433241774192588,0.46134529006178215,2.145053959366166,1.8842419453135568,1.6811234079091786,1.9034731041963004
ELM_robust_risk,humidity,1.0,1.0,750,5.0,3.0,9.835476093435009,0.1382404302880567,-0.007278494768143171,0.108246944522359,0.4282793534464613,2.2255358589631182,1.9412138209478966,1.7212247208210092,1.9626581335773414
ELM_robust_risk,humidity,1.0,1.0,750,5.0,4.0,9.409783759197522,0.1322572027456099,0.004060060109549649,0.10191679590711657,0.4766980073010768,2.095389250225559,1.8571955350161193,1.6674583608150093,1.873347715352229
ELM_robust_risk,humidity,1.0,1.0,1500,10.0,0.0,7.739279327074533,0.10877778504371237,-0.006045896296510879,0.08349811985148084,0.6460074312864081,1.7167048982808655,1.5274904693145845,1.3857797184213954,1.5433250286722817
ELM_robust_risk,humidity,1.0,1.0,1500,10.0,1.0,8.20640719930155,0.1153434009267412,-0.007368462078040386,0.08885422067261485,0.6019851945153745,1.8268252762208945,1.619686827996432,1.460190348991964,1.635567484403097
ELM_robust_risk,humidity,1.0,1.0,1500,10.0,2.0,8.700275745194428,0.12228486462828372,-0.006365549686977156,0.09491037805778502,0.5526379533900152,1.95133867923373,1.7171609551165836,1.5345542449221412,1.7343512930908183
ELM_robust_risk,humidity,1.0,1.0,1500,10.0,3.0,8.766421377551502,0.1232145604144207,-0.005953093560623001,0.09600006346754236,0.5458097717704153,1.9737423966329122,1.7302160237789534,1.5453465017177621,1.7497683073765424
ELM_robust_risk,humidity,1.0,1.0,1500,10.0,4.0,8.710149136864013,0.12242363797284168,-0.007312303143163652,0.09399353663469899,0.5516220115717358,1.9324886001570014,1.7191096522804579,1.5472763586829836,1.7329582037068143
ELM_robust_risk,humidity,1.0,1.0,3750,25.0,0.0,7.401547808697918,0.10403087193257327,-0.007252143108170921,0.07987289642058136,0.676228811559693,1.6421710185688743,1.4608328835491118,1.3229033425850183,1.4753024149010014
ELM_robust_risk,humidity,1.0,1.0,3750,25.0,1.0,7.448201470209348,0.10468660249208916,-0.006945681670249692,0.07981475788443144,0.6721343390727375,1.640975701716651,1.470040849860398,1.336446061245585,1.4824875376075448
ELM_robust_risk,humidity,1.0,1.0,3750,25.0,2.0,7.240123461102241,0.10176200654582393,-0.007365010359354344,0.07760871504113977,0.69019740874809,1.5956198953627774,1.4289727914078287,1.2984813536722255,1.4410246801476105
ELM_robust_risk,humidity,1.0,1.0,3750,25.0,3.0,7.573811741943137,0.1064520907966837,-0.004711884589042522,0.08170586477513465,0.6609825024903453,1.679856486915377,1.494832369175402,1.3518678498001575,1.5088522352969786
ELM_robust_risk,humidity,1.0,1.0,3750,25.0,4.0,7.558147162399949,0.10623192064978282,-0.007140931152819242,0.08106390623358758,0.6623834020458585,1.666657945741907,1.4917406735604972,1.359100753325405,1.5058331242092695
ELM_robust_risk,humidity,1.0,1.0,7500,50.0,0.0,6.888979117529063,0.09682657233932176,-0.0067567532104859255,0.07388110170171204,0.7195193930617059,1.5189808992982552,1.3596679355557653,1.241086183335438,1.3732450060631531
ELM_robust_risk,humidity,1.0,1.0,7500,50.0,1.0,6.691853986888972,0.09405592223337877,-0.007533347485073274,0.07117381226671844,0.7353413977293995,1.4633195617449746,1.3207616310292234,1.2145254504764413,1.3328688810835463
ELM_robust_risk,humidity,1.0,1.0,7500,50.0,2.0,6.723071933501501,0.09449469940404427,-0.006086583413604989,0.07187387328423869,0.7328663378273971,1.4777126783805365,1.326923072412453,1.2155528613361553,1.3400628707097149
ELM_robust_risk,humidity,1.0,1.0,7500,50.0,3.0,7.125167092568339,0.1001462618986394,-0.007018306747780435,0.0763211761628559,0.6999572005312287,1.569148349620089,1.4062840176988527,1.283980825310789,1.4198043975432437
ELM_robust_risk,humidity,1.0,1.0,7500,50.0,4.0,6.824786518673818,0.0959243269977891,-0.007179473636078318,0.07235533333029116,0.7247221649354728,1.4876114020985671,1.3469983343166811,1.236157006952062,1.3569222477891032
ELM_robust_risk,humidity,1.0,1.0,15000,100.0,0.0,6.177633186859008,0.08682840177743871,-0.005703073566010957,0.06513050885926597,0.7744528536701729,1.3390704339822839,1.219270608677663,1.1292090294548993,1.2291833573716155
ELM_robust_risk,humidity,1.0,1.0,15000,100.0,1.0,6.429226658523269,0.0903646199991218,-0.005879235531021903,0.06783140418301796,0.7557072515624732,1.3946003098678268,1.2689272516113916,1.1764851123903237,1.2800042246231806
ELM_robust_risk,humidity,1.0,1.0,15000,100.0,2.0,6.360767517614578,0.08940240718842879,-0.006667803992832743,0.06712539273938387,0.7608820673397297,1.3800848536433654,1.2554155690817705,1.1602512844733095,1.2652505690661486
ELM_robust_risk,humidity,1.0,1.0,15000,100.0,3.0,6.378284515835898,0.0896486136098024,-0.007286545570109893,0.06774319574714818,0.7595632340549476,1.3927867617999579,1.2588728739164032,1.1618385425718538,1.2711660594294047
ELM_robust_risk,humidity,1.0,1.0,15000,100.0,4.0,6.330490050465725,0.08897684872568352,-0.0065594992813629615,0.06667645431205664,0.7631530682156561,1.3708547680008385,1.2494397487824482,1.1582365453500272,1.259510354044438
ELM_robust_risk,humidity,1.0,1.0,37500,250.0,0.0,5.919238516748494,0.08319659076586391,-0.006178471760769831,0.0618693295687655,0.7929263767655865,1.2720212300944314,1.1682716229536663,1.089489476702542,1.1765941099168797
ELM_robust_risk,humidity,1.0,1.0,37500,250.0,1.0,5.921176469924017,0.08322382925216772,-0.004529475591514639,0.061796857986068224,0.7927907631466944,1.2705312286282442,1.1686541139945612,1.090878364982221,1.1766879025350088
ELM_robust_risk,humidity,1.0,1.0,37500,250.0,2.0,5.963704759341825,0.08382157652669538,-0.0053907614050695855,0.06232422630655974,0.7898035524018988,1.281373817426606,1.177047861527965,1.0978299642939182,1.1854172144161632
ELM_robust_risk,humidity,1.0,1.0,37500,250.0,3.0,5.9603132570214195,0.08377390799131977,-0.005680982083362603,0.06240545575450321,0.7900425578738288,1.2830438788772978,1.176378485575484,1.095645956524025,1.1850227736589356
ELM_robust_risk,humidity,1.0,1.0,37500,250.0,4.0,6.03125672123227,0.08477103867675548,-0.004658889714290373,0.06330849106016113,0.7850147168216908,1.30161010689897,1.1903804954348691,1.1054148589512265,1.1991351537616886
ELM_robust_risk,humidity,1.0,1.0,75000,500.0,0.0,5.758848094774286,0.08094225749951627,-0.00503141872572141,0.05998197860221753,0.8039962646877494,1.233217665956567,1.1366155952305326,1.0637646870753457,1.144532649420815
ELM_robust_risk,humidity,1.0,1.0,75000,500.0,1.0,5.756187157583936,0.08090485726604826,-0.00510472033098511,0.05983372777165861,0.8041773540741857,1.230169658079894,1.1360904098707685,1.0658054896896598,1.144021852546774
ELM_robust_risk,humidity,1.0,1.0,75000,500.0,2.0,5.711301375968275,0.08027397476423358,-0.00478925629291347,0.059229340064650075,0.8072194311168436,1.2177435658645506,1.1272313674808907,1.0592764205713916,1.134750451305611
ELM_robust_risk,humidity,1.0,1.0,75000,500.0,3.0,5.774196232689611,0.08115797996880793,-0.00554374138704231,0.06015804291165768,0.8029501175859464,1.2368375134808702,1.1396448352148512,1.0681985669148673,1.1482269718701963
ELM_robust_risk,humidity,1.0,1.0,75000,500.0,4.0,5.788664025715161,0.08136132893881923,-0.004694136365216334,0.06039106676442593,0.8019614263915757,1.2416284379971954,1.1425003227899324,1.0653064913109458,1.149811750699358
ELM_robust_risk,humidity,1.0,1.0,150000,1000.0,0.0,5.601520797944536,0.07873097733339209,-0.0035698833085522717,0.05784285238380781,0.8145593215264226,1.1892376522303074,1.1055641321272736,1.04217695339949,1.1123262459190237
ELM_robust_risk,humidity,1.0,1.0,150000,1000.0,1.0,5.5882976947910326,0.07854512283562112,-0.0040532229517659816,0.057652849839864545,0.8154338008187667,1.1853312373499076,1.1029543072084236,1.0412042390798772,1.1098299278794028
ELM_robust_risk,humidity,1.0,1.0,150000,1000.0,2.0,5.616826716157749,0.07894610639269208,-0.0038929320736785125,0.058115975580413516,0.8135445193745302,1.1948530113579279,1.1085850392694931,1.0442992925097467,1.1159124477123894
ELM_robust_risk,humidity,1.0,1.0,150000,1000.0,3.0,5.632656206701067,0.07916859441087858,-0.0039277491330354615,0.0582498681156953,0.8124920908742645,1.1976058155117257,1.1117092831321531,1.0466752667180743,1.118663455120651
ELM_robust_risk,humidity,1.0,1.0,150000,1000.0,4.0,5.550296139815192,0.07801100010871194,-0.0035200566062996933,0.057004422854346724,0.8179354409633601,1.1719997062424297,1.095453994764387,1.0358727238902206,1.1011088082990124
ELM_tikhonov,humidity,1.0,1.0,750,5.0,0.0,9.128928896491855,0.12830970730155714,-0.005896018551393793,0.10056047836230585,0.5074699292822911,2.067503628645787,1.801763613268216,1.5987909441762802,1.8226860620300942
ELM_tikhonov,humidity,1.0,1.0,750,5.0,1.0,8.775401561792375,0.12334077947303372,-0.005706340831900028,0.09629751098676302,0.5448787645011219,1.9798578590425553,1.731988429872714,1.5481132691482604,1.7533198526878433
ELM_tikhonov,humidity,1.0,1.0,750,5.0,2.0,9.54621261368041,0.13417474932579118,-0.010543209499687367,0.10432635902832171,0.4614136932911109,2.1449293934077938,1.88412230250377,1.681031464371376,1.9033610534276466
ELM_tikhonov,humidity,1.0,1.0,750,5.0,3.0,9.83528419601259,0.13823773311488538,-0.0072688526203830315,0.10824390389953435,0.42830166261524916,2.225473344356727,1.9411759464286498,1.7212101038224359,1.9626197982026043
ELM_tikhonov,humidity,1.0,1.0,750,5.0,4.0,9.409480751470861,0.13225294388532532,0.004065888950879684,0.10191478840826886,0.47673170881818416,2.0953479764446485,1.8571357308153609,1.6674091356336433,1.8732976142978843
ELM_tikhonov,humidity,1.0,1.0,1500,10.0,0.0,7.738980444490074,0.1087735841634816,-0.006038814066828119,0.08349470837073092,0.6460347723775774,1.7166347589085753,1.5274314792872306,1.385743886537498,1.5432700415777678
ELM_tikhonov,humidity,1.0,1.0,1500,10.0,1.0,8.206165744496882,0.11534000721038469,-0.00736294473787094,0.08885002282261002,0.6020086155255631,1.8267389692516078,1.6196391724076733,1.4601774309533826,1.6355185242042214
ELM_tikhonov,humidity,1.0,1.0,1500,10.0,2.0,8.700008568977953,0.12228110939012571,-0.006361999600646158,0.09490799947710443,0.5526654289936104,1.9512897760834247,1.7171082229296388,1.5345153871705062,1.7343044620611898
ELM_tikhonov,humidity,1.0,1.0,1500,10.0,3.0,8.76612583307293,0.12321040645222316,-0.0059417113063850785,0.09599469765033665,0.5458403957036423,1.973632076488019,1.7301576925887743,1.5453243234300142,1.7497046975022694
ELM_tikhonov,humidity,1.0,1.0,1500,10.0,4.0,8.709952859105556,0.1224208792327942,-0.007315406912976451,0.09399303694130205,0.5516422191786414,1.9324783265591805,1.7190709132205646,1.547237834748037,1.7329290248425941
ELM_tikhonov,humidity,1.0,1.0,3750,25.0,0.0,7.401559680381254,0.10403103879247888,-0.007225713751828611,0.07986217204556868,0.6762277729358257,1.6419505275308963,1.4608352266462379,1.3230775541240039,1.4752877694337128
ELM_tikhonov,humidity,1.0,1.0,3750,25.0,1.0,7.4537210019902576,0.1047641810903322,-0.007043731208519345,0.0798739112719117,0.6716482256200308,1.64219188371234,1.471130231937735,1.337199569497248,1.483507228382441
ELM_tikhonov,humidity,1.0,1.0,3750,25.0,2.0,7.240246328195251,0.10176373347796677,-0.007321834204535094,0.07760381258882335,0.6901868937708298,1.5955191019087434,1.4289970415098905,1.298356171623178,1.4409574383472705
ELM_tikhonov,humidity,1.0,1.0,3750,25.0,3.0,7.5738131793057155,0.10645211099922595,-0.004713851069039347,0.08170469972296021,0.6609823738124412,1.67983253367214,1.4948326528655942,1.3518654681626716,1.508843551566802
ELM_tikhonov,humidity,1.0,1.0,3750,25.0,4.0,7.557504837256587,0.10622289258613245,-0.007151315124017816,0.08105666250125877,0.6624407839438745,1.6665090160319584,1.4916138987674936,1.3590064023232618,1.5057097723742379
ELM_tikhonov,humidity,1.0,1.0,7500,50.0,0.0,6.89083568834677,0.0968526669733041,-0.006719417807943287,0.07388079687828035,0.7193681943806824,1.5189746321885378,1.3600343642773303,1.241525193290782,1.3735113965855499
ELM_tikhonov,humidity,1.0,1.0,7500,50.0,1.0,6.698598377268959,0.09415071656964707,-0.007484305396570546,0.07126055865928105,0.7348076561319938,1.4651030504904134,1.3220927616928664,1.215289421954291,1.3341617447125236
ELM_tikhonov,humidity,1.0,1.0,7500,50.0,2.0,6.7276858753810895,0.09455954967714739,-0.00600372641326355,0.0719269151943126,0.7324995524828465,1.4788032096044732,1.327833719508803,1.2159405430133559,1.340859157375544
ELM_tikhonov,humidity,1.0,1.0,7500,50.0,3.0,7.12652921348814,0.1001654068978513,-0.007014812068786329,0.07633779704921752,0.6998424709722356,1.5694900717700189,1.4065528575526838,1.2841893968140738,1.4200774420455922
ELM_tikhonov,humidity,1.0,1.0,7500,50.0,4.0,6.89584934283736,0.09692313532150713,-0.0059071512988102095,0.0734126601247653,0.7189596799921829,1.5093498327409087,1.3610239020788697,1.2484415618029674,1.372938432207582
ELM_tikhonov,humidity,1.0,1.0,15000,100.0,0.0,6.184360555989787,0.08692295687517985,-0.0055623534335943305,0.06522675721420836,0.7739613498706255,1.341049281202736,1.2205983798817437,1.1300826755984617,1.2305767788943136
ELM_tikhonov,humidity,1.0,1.0,15000,100.0,1.0,6.442041663218337,0.0905447385563081,-0.005818290782729641,0.06796228597757055,0.7547324118440932,1.3972912137852307,1.2714565307223624,1.1786891959510142,1.282478980152869
ELM_tikhonov,humidity,1.0,1.0,15000,100.0,2.0,6.372676032141632,0.08956978476696922,-0.006613847260079264,0.06725993496272173,0.7599858846313164,1.3828510152556333,1.2577659355274078,1.1619391454588304,1.2675186987472904
ELM_tikhonov,humidity,1.0,1.0,15000,100.0,3.0,6.386702149770213,0.08976692586291883,-0.007267583192783523,0.06784714180205079,0.758928190514697,1.3949238722154458,1.2605342502623718,1.1631825288402706,1.2728802171060294
ELM_tikhonov,humidity,1.0,1.0,15000,100.0,4.0,6.3384629221911295,0.08908890971871335,-0.0065004680680415565,0.06677049847671629,0.7625561035818278,1.3727882975032166,1.2510133430486505,1.159202975276551,1.2610015386094726
ELM_tikhonov,humidity,1.0,1.0,37500,250.0,0.0,5.937725620455353,0.08345643229737065,-0.0060738700978614285,0.0620871049970681,0.7916308825274756,1.2764986500070865,1.171920396117683,1.092256209570413,1.1802250852317273
ELM_tikhonov,humidity,1.0,1.0,37500,250.0,1.0,5.943179682660549,0.08353309070199709,-0.004387135926010821,0.06206880279468781,0.7912479143189702,1.2761223603309662,1.1729968565586881,1.0941052327046246,1.1810748165314262
ELM_tikhonov,humidity,1.0,1.0,37500,250.0,2.0,5.983326555378992,0.0840973664835245,-0.005361549488664558,0.06254906871466091,0.7884180991988748,1.2859965330520011,1.1809205872910413,1.1007965549372771,1.1892378917601067
ELM_tikhonov,humidity,1.0,1.0,37500,250.0,3.0,5.9768226372812565,0.08400595205397907,-0.005588108625717456,0.0626215070616306,0.7888778312291019,1.2874858511981753,1.179636918297116,1.097953170241244,1.188358646578845
ELM_tikhonov,humidity,1.0,1.0,37500,250.0,4.0,6.018018452910066,0.0845849710281999,-0.003920309664550336,0.06298025806988838,0.7859574422119815,1.2948617012680304,1.1877676773884065,1.1063348815906404,1.196321420082359
ELM_tikhonov,humidity,1.0,1.0,75000,500.0,0.0,5.794358721417574,0.08144136951609098,-0.004895423099341916,0.06040282823352875,0.8015715871678438,1.2418702514853999,1.1436242767194218,1.0691375687759317,1.1515440323269177
ELM_tikhonov,humidity,1.0,1.0,75000,500.0,1.0,5.793937657827404,0.08143545134687061,-0.005077943496535271,0.06028845202202529,0.8016004248522816,1.2395186991045313,1.143541172002073,1.071755055123247,1.1516049754099502
ELM_tikhonov,humidity,1.0,1.0,75000,500.0,2.0,5.7459144079800195,0.08076047083147243,-0.004759036591345895,0.059651880262048165,0.8048756781295247,1.226430909099154,1.134062892003731,1.0643884441075921,1.141627415070159
ELM_tikhonov,humidity,1.0,1.0,75000,500.0,3.0,5.810978852530792,0.08167497021367884,-0.005471721678379174,0.060632701447632865,0.8004316384218929,1.2465963994913432,1.1469045681782646,1.0735354088192974,1.1556787921629683
ELM_tikhonov,humidity,1.0,1.0,75000,500.0,4.0,5.853334213679958,0.08227028693191835,-0.005805665767997282,0.060895925648983676,0.7975117876329099,1.2520082372262378,1.1552641851071168,1.0812181045819211,1.1628301756384254
ELM_tikhonov,humidity,1.0,1.0,150000,1000.0,0.0,5.676885674166339,0.07979025222954707,-0.003408133159219262,0.05877126853931284,0.8095357818742583,1.208325705525801,1.1204387897387587,1.0534835833198888,1.127416026194816
ELM_tikhonov,humidity,1.0,1.0,150000,1000.0,1.0,5.662018683394915,0.07958129242101251,-0.003942287732589267,0.058566123551470166,0.8105320753030945,1.204107964981299,1.1175045130766805,1.0525341914527826,1.1247155565035873
ELM_tikhonov,humidity,1.0,1.0,150000,1000.0,2.0,5.687033612581483,0.07993288440715793,-0.003668714509784881,0.058953709320230877,0.8088542297662891,1.212076652047774,1.12244167380034,1.0551404003818619,1.1298862420766584
ELM_tikhonov,humidity,1.0,1.0,150000,1000.0,3.0,5.687796024898482,0.07994360033038905,-0.003877036211833484,0.059044522990467925,0.8088029757495149,1.2139437632211045,1.1225921500267027,1.0510639094699206,1.1291999409059092
ELM_tikhonov,humidity,1.0,1.0,150000,1000.0,4.0,5.618375735470155,0.07896787830228114,-0.0034006663556693313,0.05785689178309321,0.8134416630889113,1.1895262995144025,1.1088907669912214,1.0459501102329816,1.1147890589128684
Persistence_P,humidity,1.0,1.0,0,,,5.066662923630091,0.07121339689439969,4.12115685059007e-05,0.04863859824428598,0.8482819938194575,1.0,1.0,1.0,1.0
